run,checkpoint_role,checkpoint,agent_steps,training_iteration,archived_task_mean_reward,fresh_task_mean_reward,factor,layer,probe_r_squared,probe_normalized_mse,null_contrast_r_squared,current_observation_r_squared,next_token_probability_r_squared,log_next_token_probability_r_squared,probe_minus_log_ntp_r_squared,probe_minus_log_ntp_ci_low,probe_minus_log_ntp_ci_high,permuted_label_null_r_squared_mean,gaussian_feature_null_r_squared_mean,matched_feature_null_r_squared_mean,activation_participation_ratio,activation_cev90_dimension
token_guess,init,initial_checkpoint,0,0,0.5816,0.5816,strata,layer_1,0.4966251011684053,0.5033748988315947,0.22574228107537797,0.316544770570539,0.5743377915458052,0.9531769938325724,-0.4565518926641671,-0.4841111991203253,-0.4291853820716844,-0.001871515736502305,-0.004199894344899979,0.31631636603472857,1.742284379137324,2
token_guess,init,initial_checkpoint,0,0,0.5816,0.5816,strata,layer_2,0.6750452833689587,0.32495471663104125,0.47622467975401195,0.316544770570539,0.5743377915458052,0.9531769938325724,-0.2781317104636137,-0.2956686956928191,-0.26039020195397555,-0.0031728501998333327,-0.004569254215556295,0.3161235422008138,2.232072594894359,2
token_guess,init,initial_checkpoint,0,0,0.5816,0.5816,strata,layer_3,0.7064067055556138,0.2935932944443862,0.5042310104501531,0.316544770570539,0.5743377915458052,0.9531769938325724,-0.24677028827695863,-0.26072402633592096,-0.2322688799357683,-0.00277068742440032,-0.004816984090999421,0.3160198723584094,2.3392659360744155,2
token_guess,penultimate,iteration_000256_steps_002138080,2138080,256,0.76275,0.76275,strata,layer_1,0.8951771631447126,0.10482283685528736,0.8071504532629374,0.316544770570539,0.5743377915458052,0.9531769938325724,-0.05799983068785976,-0.0660535947905922,-0.050753012327979664,-0.00021659434211833694,-0.004157785375701728,0.31625466414679354,1.2911862906613114,2
token_guess,penultimate,iteration_000256_steps_002138080,2138080,256,0.76275,0.76275,strata,layer_2,0.9710073164165525,0.028992683583447493,0.9510392139911735,0.316544770570539,0.5743377915458052,0.9531769938325724,0.017830322583980096,0.014704190635559453,0.020870781090234002,0.0015735523673421792,-0.004432029373283575,0.3155375100639522,1.6969053618705092,2
token_guess,penultimate,iteration_000256_steps_002138080,2138080,256,0.76275,0.76275,strata,layer_3,0.975742650942945,0.024257349057054976,0.9591340399862979,0.316544770570539,0.5743377915458052,0.9531769938325724,0.022565657110372613,0.019946398598205836,0.025139259848980657,0.0002819091171831989,-0.004432005649087944,0.31500383657847786,1.2374896970340696,2
token_guess,final,checkpoint_000000,2505403,300,0.75925,0.75925,strata,layer_1,0.8940428591182221,0.10595714088177782,0.8065444379152797,0.316544770570539,0.5743377915458052,0.9531769938325724,-0.05913413471435023,-0.06645953013538522,-0.05243614904622368,-0.001760932086232181,-0.004144311336369455,0.3152839127069065,1.0927713091828706,1
token_guess,final,checkpoint_000000,2505403,300,0.75925,0.75925,strata,layer_2,0.973925005293774,0.026074994706225953,0.9565006211556855,0.316544770570539,0.5743377915458052,0.9531769938325724,0.020748011461201636,0.017632989929853963,0.023092551761944243,0.0016967765268332657,-0.004390283379026716,0.3150924585246967,1.3867684685740613,2
token_guess,final,checkpoint_000000,2505403,300,0.75925,0.75925,strata,layer_3,0.979720088521279,0.02027991147872096,0.9685457157759016,0.316544770570539,0.5743377915458052,0.9531769938325724,0.026543094688706626,0.02510031511712777,0.02820084725749069,0.00027990728725308945,-0.0044154871880179416,0.314188707499834,1.1706049585063316,1
reward_both,init,initial_checkpoint,0,0,0.3351,0.3351,factor_1,layer_1,0.2710668023426295,0.7289331976573705,0.2598075227209631,0.0014098652970166992,0.5005250213830517,0.5685007184710511,-0.2974339161284216,-0.30318871894606314,-0.291681520240925,-0.0016228108720263811,-0.0022967485566324,0.2705682998537048,6.225343329296654,6
reward_both,init,initial_checkpoint,0,0,0.3351,0.3351,factor_1,layer_2,0.26872675925360545,0.7312732407463945,0.25746132997328564,0.0014098652970166992,0.5005250213830517,0.5685007184710511,-0.29977395921744565,-0.3047524286475032,-0.2950858015567582,-0.001356269952533462,-0.0029048918027053004,0.2694751914063409,6.032563944695423,7
reward_both,init,initial_checkpoint,0,0,0.3351,0.3351,factor_1,layer_3,0.26551525296468415,0.7344847470353159,0.25165144097163095,0.0014098652970166992,0.5005250213830517,0.5685007184710511,-0.302985465506367,-0.3080301036799512,-0.2981982402563067,-0.002434086022453896,-0.0030545296313947644,0.265161386215528,6.161175981819447,7
reward_both,init,initial_checkpoint,0,0,0.3351,0.3351,factor_2,layer_1,0.2712494242194775,0.7287505757805225,0.2786636981079521,5.30858029617054e-05,0.4980385080463605,0.5688623872984104,-0.2976129630789329,-0.30065063616467297,-0.2941311129976625,-0.0026943748531381706,-0.0019716490100846864,0.2711394462010668,6.225343329296654,6
reward_both,init,initial_checkpoint,0,0,0.3351,0.3351,factor_2,layer_2,0.2637770052201488,0.7362229947798512,0.2703763760673482,5.30858029617054e-05,0.4980385080463605,0.5688623872984104,-0.30508538207826175,-0.30876867782689954,-0.30072630899654496,-0.0037635676984044244,-0.0024075682287123534,0.2635161907524442,6.032563944695423,7
reward_both,init,initial_checkpoint,0,0,0.3351,0.3351,factor_2,layer_3,0.2647079497128051,0.7352920502871949,0.2769559788299054,5.30858029617054e-05,0.4980385080463605,0.5688623872984104,-0.3041544375856054,-0.30723438425951943,-0.3001276736918502,-0.0029233342469964898,-0.0024943798218436176,0.2647533960107767,6.161175981819447,7
reward_both,penultimate,iteration_008192_steps_034305400,34305400,8192,0.761725,0.761725,factor_1,layer_1,0.588335203061747,0.411664796938253,0.5981267214108859,0.1582780709819135,0.289182477381551,0.438077253300173,0.15025794976157406,0.01297183331209017,0.29274022069072986,-0.009802386690040143,-0.0033170830084389815,0.21794418778403957,3.836477529834474,6
reward_both,penultimate,iteration_008192_steps_034305400,34305400,8192,0.761725,0.761725,factor_1,layer_2,0.5711725284596956,0.4288274715403045,0.5895613458193325,0.1582780709819135,0.289182477381551,0.438077253300173,0.13309527515952255,0.0005910917287714136,0.27517813755676945,-0.008074117113818047,-0.003924869851723756,0.19882044391565043,2.85855118950323,6
reward_both,penultimate,iteration_008192_steps_034305400,34305400,8192,0.761725,0.761725,factor_1,layer_3,0.567461784452669,0.43253821554733096,0.5928004664721072,0.1582780709819135,0.289182477381551,0.438077253300173,0.12938453115249607,-0.0022746335039068345,0.269359056612793,-0.00830626763938338,-0.004266010445795265,0.19440429590635785,6.194706585453093,9
reward_both,penultimate,iteration_008192_steps_034305400,34305400,8192,0.761725,0.761725,factor_2,layer_1,0.6260251503712809,0.3739748496287191,0.6018828186737699,0.17853594716885768,0.4408691140684582,0.7620811971172207,-0.13605604674593968,-0.2502558688775114,0.06874890555215465,-0.00393549133577884,-0.0022610529564303316,0.1840161311062372,3.836477529834474,6
reward_both,penultimate,iteration_008192_steps_034305400,34305400,8192,0.761725,0.761725,factor_2,layer_2,0.6010760352488744,0.3989239647511255,0.5765139319487711,0.17853594716885768,0.4408691140684582,0.7620811971172207,-0.16100516186834612,-0.27263520646158257,0.04439505969920532,-0.0023505431563505706,-0.0031046148535502473,0.15225127474614128,2.85855118950323,6
reward_both,penultimate,iteration_008192_steps_034305400,34305400,8192,0.761725,0.761725,factor_2,layer_3,0.6091219411269713,0.39087805887302873,0.5881130823521943,0.17853594716885768,0.4408691140684582,0.7620811971172207,-0.15295925599024934,-0.26573301510682285,0.05283392178828012,-0.0014310345085043474,-0.0037481430442068307,0.14654939730554262,6.194706585453093,9
reward_both,final,checkpoint_000000,50000318,11940,0.771525,0.771525,factor_1,layer_1,0.6278521471828209,0.3721478528171791,0.6516884704182244,0.23472026393732637,0.27674747882721107,0.43981058251852423,0.18804156466429664,0.14737373489063182,0.22346067817651735,-0.005416103183625021,-0.0022758242663407646,0.32353321395744983,4.198235446072336,7
reward_both,final,checkpoint_000000,50000318,11940,0.771525,0.771525,factor_1,layer_2,0.6251708628509112,0.3748291371490889,0.6701964631650622,0.23472026393732637,0.27674747882721107,0.43981058251852423,0.18536028033238688,0.1445733754998128,0.22142225409150484,-0.006426014519779644,-0.0031481161463590367,0.3015049772373074,3.296237974265281,5
reward_both,final,checkpoint_000000,50000318,11940,0.771525,0.771525,factor_1,layer_3,0.628897121802847,0.37110287819715304,0.6658534277641701,0.23472026393732637,0.27674747882721107,0.43981058251852423,0.1890865392843227,0.14948680492258368,0.22448073361674195,-0.006676014349093462,-0.0033090205478911727,0.3011686981061432,4.629015722017677,6
reward_both,final,checkpoint_000000,50000318,11940,0.771525,0.771525,factor_2,layer_1,0.6554805954951988,0.3445194045048012,0.6294849721775513,0.13167511307282032,0.41625417398345976,0.6459928669213975,0.009487728573801313,-0.11427134170013598,0.17891488495049226,-0.0011915762822497955,-0.003411934598776689,0.12670176800898797,4.198235446072336,7
reward_both,final,checkpoint_000000,50000318,11940,0.771525,0.771525,factor_2,layer_2,0.6714622214227044,0.3285377785772956,0.6556920741796672,0.13167511307282032,0.41625417398345976,0.6459928669213975,0.025469354501306857,-0.09580697567532173,0.19251704374129452,0.0010036265747463747,-0.003894244717978257,0.10203727294644852,3.296237974265281,5
reward_both,final,checkpoint_000000,50000318,11940,0.771525,0.771525,factor_2,layer_3,0.671012017454341,0.32898798254565903,0.657334136492912,0.13167511307282032,0.41625417398345976,0.6459928669213975,0.025019150532943468,-0.09709613599494722,0.19175803247121034,-0.00029332406575890426,-0.0039480691191565494,0.0941232730345044,4.629015722017677,6
reward_factor_1,init,initial_checkpoint,0,0,0.33215,0.33215,factor_1,layer_1,0.2710668023426295,0.7289331976573705,0.2598075227209631,0.0014098652970166992,0.5005250213830517,0.5685007184710511,-0.2974339161284216,-0.30318871894606314,-0.291681520240925,-0.0016228108720263811,-0.0022967485566324,0.2705682998537048,6.225343329296654,6
reward_factor_1,init,initial_checkpoint,0,0,0.33215,0.33215,factor_1,layer_2,0.26872675925360545,0.7312732407463945,0.25746132997328564,0.0014098652970166992,0.5005250213830517,0.5685007184710511,-0.29977395921744565,-0.3047524286475032,-0.2950858015567582,-0.001356269952533462,-0.0029048918027053004,0.2694751914063409,6.032563944695423,7
reward_factor_1,init,initial_checkpoint,0,0,0.33215,0.33215,factor_1,layer_3,0.26551525296468415,0.7344847470353159,0.25165144097163095,0.0014098652970166992,0.5005250213830517,0.5685007184710511,-0.302985465506367,-0.3080301036799512,-0.2981982402563067,-0.002434086022453896,-0.0030545296313947644,0.265161386215528,6.161175981819447,7
reward_factor_1,init,initial_checkpoint,0,0,0.33215,0.33215,factor_2,layer_1,0.2712494242194775,0.7287505757805225,0.2786636981079521,5.30858029617054e-05,0.4980385080463605,0.5688623872984104,-0.2976129630789329,-0.30065063616467297,-0.2941311129976625,-0.0026943748531381706,-0.0019716490100846864,0.2711394462010668,6.225343329296654,6
reward_factor_1,init,initial_checkpoint,0,0,0.33215,0.33215,factor_2,layer_2,0.2637770052201488,0.7362229947798512,0.2703763760673482,5.30858029617054e-05,0.4980385080463605,0.5688623872984104,-0.30508538207826175,-0.30876867782689954,-0.30072630899654496,-0.0037635676984044244,-0.0024075682287123534,0.2635161907524442,6.032563944695423,7
reward_factor_1,init,initial_checkpoint,0,0,0.33215,0.33215,factor_2,layer_3,0.2647079497128051,0.7352920502871949,0.2769559788299054,5.30858029617054e-05,0.4980385080463605,0.5688623872984104,-0.3041544375856054,-0.30723438425951943,-0.3001276736918502,-0.0029233342469964898,-0.0024943798218436176,0.2647533960107767,6.161175981819447,7
reward_factor_1,penultimate,iteration_004096_steps_017153039,17153039,4096,0.7749,0.7749,factor_1,layer_1,0.7645001470748931,0.23549985292510686,0.8007060539885348,0.31740420461310204,0.27922888206117236,0.39133903314395246,0.37316111393094076,0.35183557544701916,0.39521058918334623,-0.00707081644971348,-0.0016201254705123346,0.472224649347168,3.195535478579421,4
reward_factor_1,penultimate,iteration_004096_steps_017153039,17153039,4096,0.7749,0.7749,factor_1,layer_2,0.7074640791442335,0.2925359208557665,0.7513628153399121,0.31740420461310204,0.27922888206117236,0.39133903314395246,0.3161250460002811,0.29542308775872017,0.33591179209568756,-0.008527562646168252,-0.0022112871360436158,0.44965206761006493,3.9243033742214712,6
reward_factor_1,penultimate,iteration_004096_steps_017153039,17153039,4096,0.7749,0.7749,factor_1,layer_3,0.7158539212172587,0.28414607878274134,0.782928723845024,0.31740420461310204,0.27922888206117236,0.39133903314395246,0.32451488807330625,0.3015600119936611,0.34488577731471076,-0.009098754521737518,-0.0024786037998649757,0.44229585532458054,3.5023868086083527,5
reward_factor_1,penultimate,iteration_004096_steps_017153039,17153039,4096,0.7749,0.7749,factor_2,layer_1,0.012367319683821876,0.9876326803161781,0.00014556433882306763,0.013389797287316596,0.5082728569922834,0.5793196118893575,-0.5669522922055357,-0.5716641448620398,-0.5629252800166393,-0.0010721884321617913,-0.0007104032511986436,0.012169189789314782,3.195535478579421,4
reward_factor_1,penultimate,iteration_004096_steps_017153039,17153039,4096,0.7749,0.7749,factor_2,layer_2,-0.0015340652979414227,1.0015340652979414,-0.002424090047615568,0.013389797287316596,0.5082728569922834,0.5793196118893575,-0.580853677187299,-0.5842983862470521,-0.5768743866108728,-0.0015448403337399608,-0.0014506144320583392,-0.0016095501741401285,3.9243033742214712,6
reward_factor_1,penultimate,iteration_004096_steps_017153039,17153039,4096,0.7749,0.7749,factor_2,layer_3,-0.0026359278725562874,1.0026359278725563,-0.0030940084864614636,0.013389797287316596,0.5082728569922834,0.5793196118893575,-0.5819555397619139,-0.5865016536997881,-0.5775792316542633,-0.001678760430243953,-0.0016353322395926018,-0.0023910861799568473,3.5023868086083527,5
reward_factor_1,final,checkpoint_000000,30000499,7164,0.77945,0.77945,factor_1,layer_1,0.7869803313925441,0.21301966860745586,0.8184618287061547,0.32582947288822617,0.28843610953344634,0.3981653464932021,0.388814984899342,0.3751246409510651,0.4045790634018397,-0.009181426767455125,-0.0010162741505466144,0.4798389332145745,2.6565293076828613,4
reward_factor_1,final,checkpoint_000000,30000499,7164,0.77945,0.77945,factor_1,layer_2,0.7570561520774147,0.24294384792258528,0.8047229266052273,0.32582947288822617,0.28843610953344634,0.3981653464932021,0.35889080558421255,0.3455289275536368,0.3729693766236158,-0.01027602694874279,-0.0017955818513407883,0.4764540155817982,2.6041440000751965,4
reward_factor_1,final,checkpoint_000000,30000499,7164,0.77945,0.77945,factor_1,layer_3,0.7831399322994772,0.21686006770052285,0.8349091459231737,0.32582947288822617,0.28843610953344634,0.3981653464932021,0.38497458580627497,0.3736462787104513,0.39710601590761135,-0.010709791940871715,-0.0019676754658710218,0.46946291346380864,2.816401557183799,5
reward_factor_1,final,checkpoint_000000,30000499,7164,0.77945,0.77945,factor_2,layer_1,-0.001357412296010052,1.00135741229601,0.0015899268318477766,0.0018062414893776912,0.49881984322697603,0.5683256164660893,-0.5696830287620994,-0.5740624919552405,-0.5653757102880118,-0.0007741800760180606,-0.0008433797910157193,0.0009357550955834126,2.6565293076828613,4
reward_factor_1,final,checkpoint_000000,30000499,7164,0.77945,0.77945,factor_2,layer_2,-0.0015336403492660633,1.001533640349266,-0.0005454233498152217,0.0018062414893776912,0.49881984322697603,0.5683256164660893,-0.5698592568153554,-0.5741399120988553,-0.5660466288353263,-0.0013087339949005017,-0.0015079712210595898,-0.0008648492597387536,2.6041440000751965,4
reward_factor_1,final,checkpoint_000000,30000499,7164,0.77945,0.77945,factor_2,layer_3,-0.002236276241506907,1.002236276241507,-0.0016207978719986471,0.0018062414893776912,0.49881984322697603,0.5683256164660893,-0.5705618927075963,-0.575225736468319,-0.5666887183244808,-0.0020191860318381494,-0.0016991809534980362,-0.001092971391877473,2.816401557183799,5
