run_id,seed,update,env_steps,distribution,return_mean,return_sem,M_1-R2,M_ci_low,M_ci_high,J_1-R2
20261002T182024Z-ad0c3a34,0,0,0,on_policy,6.796875,0.5118567007191006,0.6601328706622741,0.6439057450944641,0.6855349864285966,1.0366917412282717
20261002T182024Z-ad0c3a34,0,0,0,common_checks,10.9765625,1.1337716355420928,0.08734785271465431,0.08485175426152096,0.09003184225216117,0.5748507173377191
20261002T182024Z-ad0c3a34,0,1,1048576,on_policy,10.1171875,0.3151972928577223,0.7665245945709998,0.7460235360368649,0.7937669109818449,1.035139606718332
20261002T182024Z-ad0c3a34,0,1,1048576,common_checks,10.9765625,1.1337716355420928,0.41336898790952376,0.40338416785031583,0.4254415128114424,0.7102017881867076
20261002T182024Z-ad0c3a34,0,2,2097152,on_policy,10.80078125,0.256189260425257,0.8030788516154995,0.7855450508974273,0.8319222815129853,1.026276804295147
20261002T182024Z-ad0c3a34,0,2,2097152,common_checks,10.9765625,1.1337716355420928,0.43441065715681454,0.42422804329002695,0.4479346225951389,0.7061465140673439
20261002T182024Z-ad0c3a34,0,3,3145728,on_policy,11.50390625,0.24992345704453645,0.8420124668915118,0.8111274775427357,0.8801371510805515,1.0484374219717476
20261002T182024Z-ad0c3a34,0,3,3145728,common_checks,10.9765625,1.1337716355420928,0.46054101192201335,0.4485086225768271,0.47273962897905,0.7026875551400222
20261002T182024Z-ad0c3a34,0,4,4194304,on_policy,13.80859375,0.3020718370007626,0.8211748063256513,0.797442285199259,0.8599204120497141,1.0310954988991143
20261002T182024Z-ad0c3a34,0,4,4194304,common_checks,10.9765625,1.1337716355420928,0.43008502604168564,0.4194249513264722,0.44198919032226935,0.7172259695122603
20261002T182024Z-ad0c3a34,0,5,5242880,on_policy,17.6171875,0.3924363450086356,0.725259474095173,0.7037210585941925,0.749855710951245,1.0080713778586274
20261002T182024Z-ad0c3a34,0,5,5242880,common_checks,10.9765625,1.1337716355420928,0.42582164913848647,0.4164928427049873,0.43638099411957326,0.7256982877996729
20261002T182024Z-ad0c3a34,0,6,6291456,on_policy,22.24609375,0.43328178313121024,0.6783967240322438,0.6602530841478409,0.7033305806821943,0.9983369780377308
20261002T182024Z-ad0c3a34,0,6,6291456,common_checks,10.9765625,1.1337716355420928,0.40794052963831434,0.4014092647035609,0.4166114298317604,0.7192351327089233
20261002T182024Z-ad0c3a34,0,9,9437184,on_policy,30.29296875,0.4553849391894754,0.4977485931485209,0.47740799094018693,0.5227969687711301,0.894197962990812
20261002T182024Z-ad0c3a34,0,9,9437184,common_checks,10.9765625,1.1337716355420928,0.3353175648197146,0.3289852370177374,0.3418544351182715,0.6669293570726863
20261002T182024Z-ad0c3a34,0,14,14680064,on_policy,37.94921875,0.5177953181148311,0.3133012019176522,0.2931640740432126,0.33560594919118736,0.7252470902847218
20261002T182024Z-ad0c3a34,0,14,14680064,common_checks,10.9765625,1.1337716355420928,0.18007718974872347,0.17217562302791717,0.18768482368188247,0.5581040559934366
20261002T182024Z-ad0c3a34,0,20,20971520,on_policy,39.31640625,0.5277173184570233,0.26297248879845425,0.24967155949638745,0.2805087378463975,0.6544999553849414
20261002T182024Z-ad0c3a34,0,20,20971520,common_checks,10.9765625,1.1337716355420928,0.18603376765636434,0.17924948835203722,0.19342844551275162,0.5667098075325687
20261002T182024Z-ad0c3a34,0,29,30408704,on_policy,39.609375,0.5279386737054025,0.23347705379312575,0.21864241438987905,0.24849877971104772,0.6075867341852552
20261002T182024Z-ad0c3a34,0,29,30408704,common_checks,10.9765625,1.1337716355420928,0.17211173896449275,0.1641581589724304,0.1809848007375315,0.5685203465023264
20261002T182024Z-ad0c3a34,1,0,0,on_policy,-2.9296875,0.6460657533693107,0.6580185909983357,0.6452516298894206,0.6769788605228867,1.0213116577253896
20261002T182024Z-ad0c3a34,1,0,0,common_checks,10.9765625,1.1337716355420928,0.11377034201660045,0.11045773427001512,0.11678875704346103,0.5798356874131052
20261002T182024Z-ad0c3a34,1,1,1048576,on_policy,5.6640625,0.4699174675839713,0.7927616385973234,0.7764372600520707,0.8168490448599952,1.019150128227771
20261002T182024Z-ad0c3a34,1,1,1048576,common_checks,10.9765625,1.1337716355420928,0.37140820771159794,0.3626414017120736,0.38151592689940234,0.6205738216850456
20261002T182024Z-ad0c3a34,1,2,2097152,on_policy,11.2890625,0.42899195044922594,0.7983479507433289,0.7852272775174007,0.8202342390123613,1.0176879440293178
20261002T182024Z-ad0c3a34,1,2,2097152,common_checks,10.9765625,1.1337716355420928,0.3105602996922422,0.3024308997368005,0.3191741797361264,0.5715592065395727
20261002T182024Z-ad0c3a34,1,3,3145728,on_policy,15.80078125,0.37336396882678885,0.7736955283402174,0.7586024187342976,0.7995427119565273,1.0305767083988602
20261002T182024Z-ad0c3a34,1,3,3145728,common_checks,10.9765625,1.1337716355420928,0.2643690757901271,0.258857201940374,0.2704517391688092,0.540400426977139
20261002T182024Z-ad0c3a34,1,4,4194304,on_policy,18.046875,0.3863204579680683,0.7448476130231245,0.7248888245226778,0.7735799025064299,1.0359668415503693
20261002T182024Z-ad0c3a34,1,4,4194304,common_checks,10.9765625,1.1337716355420928,0.2782925069116076,0.27196485700800477,0.2857769659170525,0.5550311448353331
20261002T182024Z-ad0c3a34,1,5,5242880,on_policy,19.90234375,0.3982474681876207,0.6983679187348483,0.6772935776934258,0.7219800854167616,1.0094565176876142
20261002T182024Z-ad0c3a34,1,5,5242880,common_checks,10.9765625,1.1337716355420928,0.26389358246600547,0.257530795773409,0.27047203111515844,0.5441273452756055
20261002T182024Z-ad0c3a34,1,6,6291456,on_policy,23.02734375,0.4274674989385869,0.6272443099946813,0.6081258525288443,0.6514766306231511,0.9811062599751764
20261002T182024Z-ad0c3a34,1,6,6291456,common_checks,10.9765625,1.1337716355420928,0.20520081619074138,0.20122169124484454,0.20902149465536085,0.519579026431894
20261002T182024Z-ad0c3a34,1,9,9437184,on_policy,31.69921875,0.4992873303813937,0.463182359994128,0.44465937068144573,0.4836407659934487,0.8691772880932793
20261002T182024Z-ad0c3a34,1,9,9437184,common_checks,10.9765625,1.1337716355420928,0.16673541078232965,0.16275582816389594,0.170870521612405,0.5029955907865977
20261002T182024Z-ad0c3a34,1,14,14680064,on_policy,38.75,0.5605191569818393,0.2447359284738096,0.23075941646241285,0.2592313576830564,0.6610103527309953
20261002T182024Z-ad0c3a34,1,14,14680064,common_checks,10.9765625,1.1337716355420928,0.1150793205614563,0.11197877952243834,0.11837313699837208,0.49663796946749195
20261002T182024Z-ad0c3a34,1,20,20971520,on_policy,39.1796875,0.5634282589066067,0.2210165803174852,0.20742132253631226,0.23393676884786305,0.6233300494564007
20261002T182024Z-ad0c3a34,1,20,20971520,common_checks,10.9765625,1.1337716355420928,0.10959277311445322,0.10646942612872286,0.11312920804557056,0.5110387079253587
20261002T182024Z-ad0c3a34,1,29,30408704,on_policy,39.62890625,0.5454144429719596,0.2265080794376337,0.21042116901931895,0.24362020832582792,0.6121003801011511
20261002T182024Z-ad0c3a34,1,29,30408704,common_checks,10.9765625,1.1337716355420928,0.09698123122290492,0.09450907874243321,0.10034757878374033,0.5061691649004395
20261002T182024Z-ad0c3a34,2,0,0,on_policy,2.05078125,0.42540179759937097,0.5946023868775011,0.5827017760296915,0.6130252452372766,1.0161908053265754
20261002T182024Z-ad0c3a34,2,0,0,common_checks,10.9765625,1.1337716355420928,0.10179865981308578,0.09949204639643429,0.10412461695746686,0.5789040867987277
20261002T182024Z-ad0c3a34,2,1,1048576,on_policy,7.67578125,0.36120123128351506,0.6851121174855503,0.6637831125964009,0.7150463687730981,1.0137561340689851
20261002T182024Z-ad0c3a34,2,1,1048576,common_checks,10.9765625,1.1337716355420928,0.37542556958159484,0.36416678759402454,0.38679247583463244,0.6278709178470072
20261002T182024Z-ad0c3a34,2,2,2097152,on_policy,11.15234375,0.27103947069040374,0.7148088243639728,0.6993680493306246,0.7419419450723043,1.0219507549958455
20261002T182024Z-ad0c3a34,2,2,2097152,common_checks,10.9765625,1.1337716355420928,0.35474287445448016,0.3468586854440633,0.3648657270829356,0.6160718274253271
20261002T182024Z-ad0c3a34,2,3,3145728,on_policy,12.109375,0.26026119390044,0.7759319280102038,0.7518156501905989,0.805845281520545,1.0447499888644556
20261002T182024Z-ad0c3a34,2,3,3145728,common_checks,10.9765625,1.1337716355420928,0.32925091527018774,0.32277972283754175,0.3370608814562916,0.5931031397324653
20261002T182024Z-ad0c3a34,2,4,4194304,on_policy,13.41796875,0.258763884960242,0.8344099419434586,0.803036470403228,0.8828823541880588,1.0570761547668897
20261002T182024Z-ad0c3a34,2,4,4194304,common_checks,10.9765625,1.1337716355420928,0.3501915211122009,0.34230017229019194,0.3589380069954904,0.6227353147585981
20261002T182024Z-ad0c3a34,2,5,5242880,on_policy,16.0546875,0.3296450639398627,0.7970973905177798,0.779762947298755,0.8196753601825094,1.0584023625107433
20261002T182024Z-ad0c3a34,2,5,5242880,common_checks,10.9765625,1.1337716355420928,0.3227293821084367,0.3143115570454103,0.33100338825198966,0.5987603799423222
20261002T182024Z-ad0c3a34,2,6,6291456,on_policy,20.3125,0.3798507902811005,0.7635148933994942,0.7446428277200524,0.788049839787797,1.040324737642183
20261002T182024Z-ad0c3a34,2,6,6291456,common_checks,10.9765625,1.1337716355420928,0.3017304296688472,0.2955715489085593,0.308401118212067,0.5696637308912544
20261002T182024Z-ad0c3a34,2,9,9437184,on_policy,31.796875,0.4648992952128702,0.5965132036655386,0.5708304910942213,0.6203969853747252,0.9564858725942621
20261002T182024Z-ad0c3a34,2,9,9437184,common_checks,10.9765625,1.1337716355420928,0.2604331716842563,0.2555518886779557,0.26730617345426055,0.588850617134972
20261002T182024Z-ad0c3a34,2,14,14680064,on_policy,41.5234375,0.5333044311361729,0.34928660729895866,0.32483587584365753,0.37336016953646856,0.6985595004950427
20261002T182024Z-ad0c3a34,2,14,14680064,common_checks,10.9765625,1.1337716355420928,0.1912956822879431,0.1851163369851566,0.19842340900059652,0.5811268382101814
20261002T182024Z-ad0c3a34,2,20,20971520,on_policy,43.80859375,0.5854448453380305,0.14411102430968797,0.13010923823398174,0.1588309431607751,0.45840299753427904
20261002T182024Z-ad0c3a34,2,20,20971520,common_checks,10.9765625,1.1337716355420928,0.17807880884431296,0.17133184914711821,0.1852032785904832,0.5845008446276382
20261002T182024Z-ad0c3a34,2,29,30408704,on_policy,44.296875,0.5902356776082639,0.09259300525325645,0.07868207700192704,0.10845165252602884,0.405866323485433
20261002T182024Z-ad0c3a34,2,29,30408704,common_checks,10.9765625,1.1337716355420928,0.1466181720888675,0.1396619287936593,0.15398908962361682,0.5729312373732518
20261002T182024Z-ad0c3a34,3,0,0,on_policy,-1.9921875,0.43262395511965224,0.5853141911552134,0.5738497187400945,0.6016316111180371,1.0203407241799531
20261002T182024Z-ad0c3a34,3,0,0,common_checks,10.9765625,1.1337716355420928,0.11403532939684359,0.1111547875850061,0.1177956437121012,0.5902602895394601
20261002T182024Z-ad0c3a34,3,1,1048576,on_policy,2.24609375,0.37867666337528405,0.8119198767558916,0.7995994187089285,0.8308023447680727,1.0206051633185207
20261002T182024Z-ad0c3a34,3,1,1048576,common_checks,10.9765625,1.1337716355420928,0.43703854180142754,0.4276665813108839,0.4486138227147408,0.7029359544989288
20261002T182024Z-ad0c3a34,3,2,2097152,on_policy,7.20703125,0.38760041561049563,0.7954243279787604,0.7829174386096828,0.8173679251806585,1.0208852835884528
20261002T182024Z-ad0c3a34,3,2,2097152,common_checks,10.9765625,1.1337716355420928,0.4167541051532136,0.4073779633232835,0.4272021868137268,0.6684330773913191
20261002T182024Z-ad0c3a34,3,3,3145728,on_policy,14.08203125,0.41365766255550734,0.7882546643467276,0.771805120348144,0.8088443426276253,1.0220063187098078
20261002T182024Z-ad0c3a34,3,3,3145728,common_checks,10.9765625,1.1337716355420928,0.3961025748018514,0.38664573607120295,0.4047309315043576,0.6406526709759388
20261002T182024Z-ad0c3a34,3,4,4194304,on_policy,19.0625,0.36757779658212225,0.7689229944715827,0.7551900157791785,0.7897534474191886,1.0283241604483893
20261002T182024Z-ad0c3a34,3,4,4194304,common_checks,10.9765625,1.1337716355420928,0.3975729867279434,0.3891167426126106,0.40562464957046557,0.6460745297846407
20261002T182024Z-ad0c3a34,3,5,5242880,on_policy,20.68359375,0.3903257572757556,0.7299481153794227,0.7089829506747319,0.7584622463368443,1.0355950101878875
20261002T182024Z-ad0c3a34,3,5,5242880,common_checks,10.9765625,1.1337716355420928,0.34082780458587936,0.332032179112593,0.349901076679593,0.6327998152931857
20261002T182024Z-ad0c3a34,3,6,6291456,on_policy,22.28515625,0.4230578427662861,0.6812763886984111,0.6582945648892662,0.7110300262910513,1.0228669793441278
20261002T182024Z-ad0c3a34,3,6,6291456,common_checks,10.9765625,1.1337716355420928,0.2943059128280364,0.28658815787895475,0.3016389205716578,0.582852482113589
20261002T182024Z-ad0c3a34,3,9,9437184,on_policy,31.3671875,0.47504922571180924,0.5176758283397916,0.4957812919135082,0.5447209576643142,0.9113767109765826
20261002T182024Z-ad0c3a34,3,9,9437184,common_checks,10.9765625,1.1337716355420928,0.24312147023982372,0.23776436612796825,0.24826474047081484,0.5567433268094867
20261002T182024Z-ad0c3a34,3,14,14680064,on_policy,38.9453125,0.5523811905902648,0.2453649363941556,0.2330646976877766,0.26191496672419595,0.6688233805905359
20261002T182024Z-ad0c3a34,3,14,14680064,common_checks,10.9765625,1.1337716355420928,0.15977884905239653,0.1556430194627193,0.16410608726114762,0.5363470192130667
20261002T182024Z-ad0c3a34,3,20,20971520,on_policy,39.375,0.5550372006897244,0.20574279321854275,0.18904151826351726,0.22341741702933926,0.6116243233701442
20261002T182024Z-ad0c3a34,3,20,20971520,common_checks,10.9765625,1.1337716355420928,0.1723741280619525,0.1676960175143101,0.1783687187019695,0.5855294344944184
20261002T182024Z-ad0c3a34,3,29,30408704,on_policy,39.62890625,0.5468142241047034,0.18655038318721903,0.17464908468493848,0.19957201189108886,0.5719645525201662
20261002T182024Z-ad0c3a34,3,29,30408704,common_checks,10.9765625,1.1337716355420928,0.1631124097461971,0.15622101444265393,0.1694396094253484,0.563147809905931
20261002T191712Z-7f1dc1ef,0,0,0,on_policy,6.796875,0.5118567007191006,0.6601328706622741,0.6439057450944641,0.6855349864285966,1.0366917412282717
20261002T191712Z-7f1dc1ef,0,0,0,common_checks,10.9765625,1.1337716355420928,0.08734785271465431,0.08485175426152096,0.09003184225216117,0.5748507173377191
20261002T191712Z-7f1dc1ef,0,1,1048576,on_policy,10.09765625,0.3121641527577873,0.7904767409568716,0.7714066043356202,0.8201249373801874,1.0306767319471664
20261002T191712Z-7f1dc1ef,0,1,1048576,common_checks,10.9765625,1.1337716355420928,0.42908518164845044,0.4180754156065956,0.4426104475310414,0.7105813140654209
20261002T191712Z-7f1dc1ef,0,2,2097152,on_policy,10.8203125,0.23505562939671218,0.810588568964388,0.7895423297364806,0.8415044791239632,1.039374159488184
20261002T191712Z-7f1dc1ef,0,2,2097152,common_checks,10.9765625,1.1337716355420928,0.4161287375365056,0.40435965334161794,0.4292433751451489,0.7006174909981161
20261002T191712Z-7f1dc1ef,0,3,3145728,on_policy,11.40625,0.25330721677723356,0.808653681743225,0.7651398770353498,0.8541921498168535,1.0313337661381599
20261002T191712Z-7f1dc1ef,0,3,3145728,common_checks,10.9765625,1.1337716355420928,0.4194972039614203,0.40865334394141456,0.43112874007768925,0.6988013646129199
20261002T191712Z-7f1dc1ef,0,4,4194304,on_policy,13.41796875,0.3048761197132835,0.7579821892395192,0.7330950073956842,0.7863025834347522,1.0219428914178295
20261002T191712Z-7f1dc1ef,0,4,4194304,common_checks,10.9765625,1.1337716355420928,0.41674454790990617,0.4056801527199805,0.4291962913263757,0.707941864675224
20261002T191712Z-7f1dc1ef,0,5,5242880,on_policy,17.44140625,0.38284877990937743,0.6783294344434583,0.6574074173990704,0.7015532202382079,0.9980817790066652
20261002T191712Z-7f1dc1ef,0,5,5242880,common_checks,10.9765625,1.1337716355420928,0.3994013999192457,0.38921541531287007,0.4099931263249359,0.7001647901961938
20261002T191712Z-7f1dc1ef,0,6,6291456,on_policy,21.6796875,0.4051947018150654,0.6501011708421909,0.6296407046556592,0.6755442632278352,0.9889478197036826
20261002T191712Z-7f1dc1ef,0,6,6291456,common_checks,10.9765625,1.1337716355420928,0.3877511657820049,0.37878472822935366,0.3971939341004789,0.6985514201078935
20261002T191712Z-7f1dc1ef,0,9,9437184,on_policy,30.078125,0.4265242946157616,0.5200313336942057,0.49654545411658124,0.5449838508011489,0.9359156459724294
20261002T191712Z-7f1dc1ef,0,9,9437184,common_checks,10.9765625,1.1337716355420928,0.2743272208007829,0.26759338075638966,0.2806902148315717,0.6383017196220258
20261002T191712Z-7f1dc1ef,0,14,14680064,on_policy,37.67578125,0.509563996453805,0.342101658777798,0.3223290444460706,0.3612167025505872,0.7236714375796918
20261002T191712Z-7f1dc1ef,0,14,14680064,common_checks,10.9765625,1.1337716355420928,0.22007138985099264,0.2122943318331688,0.2295967140721553,0.5827851618684097
20261002T191712Z-7f1dc1ef,0,20,20971520,on_policy,39.140625,0.5319056615277934,0.24251003391715567,0.22588865439171643,0.25711692406349285,0.5943917183376723
20261002T191712Z-7f1dc1ef,0,20,20971520,common_checks,10.9765625,1.1337716355420928,0.18439771047204923,0.1762866740449368,0.19287517432828868,0.5795570989927011
20261002T191712Z-7f1dc1ef,0,29,30408704,on_policy,39.1796875,0.5284220137641255,0.2481798701119423,0.22973949445536548,0.27190713053758375,0.6075463937454684
20261002T191712Z-7f1dc1ef,0,29,30408704,common_checks,10.9765625,1.1337716355420928,0.20182938485955298,0.19261992880953158,0.21189579409551834,0.5859594341448447
20261002T191712Z-7f1dc1ef,1,0,0,on_policy,-2.9296875,0.6460657533693107,0.6580185909983357,0.6452516298894206,0.6769788605228867,1.0213116577253896
20261002T191712Z-7f1dc1ef,1,0,0,common_checks,10.9765625,1.1337716355420928,0.11377034201660045,0.11045773427001512,0.11678875704346103,0.5798356874131052
20261002T191712Z-7f1dc1ef,1,1,1048576,on_policy,5.5078125,0.4799520000116875,0.7838225095576601,0.7691254971338352,0.8055499106905928,1.0148089304581127
20261002T191712Z-7f1dc1ef,1,1,1048576,common_checks,10.9765625,1.1337716355420928,0.3610785839375857,0.3513993308176977,0.37073771648001363,0.5948556864753256
20261002T191712Z-7f1dc1ef,1,2,2097152,on_policy,10.48828125,0.4422785758548912,0.7922357283687874,0.7760623324293979,0.8161814149339609,1.022318251191734
20261002T191712Z-7f1dc1ef,1,2,2097152,common_checks,10.9765625,1.1337716355420928,0.31952902910797276,0.3113232038683645,0.32713502309918113,0.5772780428777436
20261002T191712Z-7f1dc1ef,1,3,3145728,on_policy,15.5859375,0.3679634402459969,0.811736681185033,0.7961439798274679,0.8358313241495169,1.030058792255226
20261002T191712Z-7f1dc1ef,1,3,3145728,common_checks,10.9765625,1.1337716355420928,0.3176194782687439,0.3108913533918538,0.32510262013627444,0.5966557224924384
20261002T191712Z-7f1dc1ef,1,4,4194304,on_policy,17.8515625,0.3531895157766549,0.7690342123186468,0.7493525403814247,0.7932947086205646,1.0483358442012385
20261002T191712Z-7f1dc1ef,1,4,4194304,common_checks,10.9765625,1.1337716355420928,0.2998968071692731,0.2932852475452016,0.30657587103294215,0.562345570543711
20261002T191712Z-7f1dc1ef,1,5,5242880,on_policy,20.44921875,0.37297988459630904,0.7241420452714004,0.7034537895362023,0.7469224987037949,1.022548107142639
20261002T191712Z-7f1dc1ef,1,5,5242880,common_checks,10.9765625,1.1337716355420928,0.2778695029722877,0.2703506480589821,0.28506813945929593,0.5388417853255988
20261002T191712Z-7f1dc1ef,1,6,6291456,on_policy,22.9296875,0.40731156942837354,0.6624540714123861,0.6419959612620615,0.682767968151246,0.9862255963585421
20261002T191712Z-7f1dc1ef,1,6,6291456,common_checks,10.9765625,1.1337716355420928,0.24158740910677934,0.2356546906877176,0.24764192341358754,0.5223691380911178
20261002T191712Z-7f1dc1ef,1,9,9437184,on_policy,31.25,0.47326388520888774,0.4901131376054465,0.4713890317566892,0.5133907107804814,0.8873769928031987
20261002T191712Z-7f1dc1ef,1,9,9437184,common_checks,10.9765625,1.1337716355420928,0.1793348471094123,0.17606892686128556,0.18268002127232802,0.5254314574103913
20261002T191712Z-7f1dc1ef,1,14,14680064,on_policy,37.48046875,0.5362993440445085,0.3103202988266829,0.2951818674008418,0.32652805487811704,0.710784029681137
20261002T191712Z-7f1dc1ef,1,14,14680064,common_checks,10.9765625,1.1337716355420928,0.14196568753996622,0.13923958996285388,0.14527805344290384,0.496984517919551
20261002T191712Z-7f1dc1ef,1,20,20971520,on_policy,39.2578125,0.548518726952181,0.24685856768655118,0.23172324982150827,0.26328733157150286,0.6398002796742392
20261002T191712Z-7f1dc1ef,1,20,20971520,common_checks,10.9765625,1.1337716355420928,0.1642299744705732,0.15993923112601208,0.1685008372901682,0.5252501936150367
20261002T191712Z-7f1dc1ef,1,29,30408704,on_policy,39.5703125,0.5442779110550148,0.2506883526188265,0.23440050003869473,0.27108247566981153,0.6048955303023646
20261002T191712Z-7f1dc1ef,1,29,30408704,common_checks,10.9765625,1.1337716355420928,0.15410889889829404,0.14824978595015834,0.160196341667689,0.5294061696317409
20261002T191712Z-7f1dc1ef,2,0,0,on_policy,2.05078125,0.42540179759937097,0.5946023868775011,0.5827017760296915,0.6130252452372766,1.0161908053265754
20261002T191712Z-7f1dc1ef,2,0,0,common_checks,10.9765625,1.1337716355420928,0.10179865981308578,0.09949204639643429,0.10412461695746686,0.5789040867987277
20261002T191712Z-7f1dc1ef,2,1,1048576,on_policy,7.3828125,0.3825727601984796,0.7045353236647487,0.6875161426228488,0.7305240900157934,1.0156260777584596
20261002T191712Z-7f1dc1ef,2,1,1048576,common_checks,10.9765625,1.1337716355420928,0.4105108674021376,0.40002387577354176,0.42218391294362795,0.6626942929825245
20261002T191712Z-7f1dc1ef,2,2,2097152,on_policy,10.80078125,0.30770337245824275,0.7345940922487156,0.7177297808504898,0.7608573492806003,1.013054348759488
20261002T191712Z-7f1dc1ef,2,2,2097152,common_checks,10.9765625,1.1337716355420928,0.3398004083665825,0.3314238557410677,0.34834455325783265,0.6182717131280444
20261002T191712Z-7f1dc1ef,2,3,3145728,on_policy,12.48046875,0.25751458915010633,0.8131768410557341,0.7937799897601427,0.8422048838207107,1.0320100786641835
20261002T191712Z-7f1dc1ef,2,3,3145728,common_checks,10.9765625,1.1337716355420928,0.34024013129483865,0.33127488114596637,0.3503606072818235,0.6370050699082798
20261002T191712Z-7f1dc1ef,2,4,4194304,on_policy,13.69140625,0.28007704049001897,0.8141420127752682,0.7922414443463156,0.8438500891187637,1.0581467001854985
20261002T191712Z-7f1dc1ef,2,4,4194304,common_checks,10.9765625,1.1337716355420928,0.35017006891950714,0.34245656463191293,0.35777547719364183,0.6013245094199154
20261002T191712Z-7f1dc1ef,2,5,5242880,on_policy,16.875,0.35081852374025035,0.7994612446315467,0.7799985170649787,0.829388795634775,1.0482218605264253
20261002T191712Z-7f1dc1ef,2,5,5242880,common_checks,10.9765625,1.1337716355420928,0.3480339103762428,0.33994502550501193,0.3579280736094869,0.5952429615643681
20261002T191712Z-7f1dc1ef,2,6,6291456,on_policy,20.68359375,0.401904718820305,0.7513949829781131,0.7340749619265764,0.7730961308715119,1.031536572855891
20261002T191712Z-7f1dc1ef,2,6,6291456,common_checks,10.9765625,1.1337716355420928,0.3087855272429447,0.30033144248790916,0.31721567189599964,0.5752883292227166
20261002T191712Z-7f1dc1ef,2,9,9437184,on_policy,31.875,0.43977429441007093,0.5741641837592415,0.5546610391100296,0.5952503023466936,0.9655283084205086
20261002T191712Z-7f1dc1ef,2,9,9437184,common_checks,10.9765625,1.1337716355420928,0.2536692010613922,0.2466164162742866,0.26155010949587026,0.5678621730455373
20261002T191712Z-7f1dc1ef,2,14,14680064,on_policy,41.4453125,0.5513423129213199,0.27494016348262107,0.2564793180290736,0.2997831632886871,0.6061196280810739
20261002T191712Z-7f1dc1ef,2,14,14680064,common_checks,10.9765625,1.1337716355420928,0.1672546852444375,0.16255867287694978,0.17235207245236026,0.5582419930969424
20261002T191712Z-7f1dc1ef,2,20,20971520,on_policy,43.88671875,0.5712097472534761,0.13937191476308264,0.12209760063347397,0.15455879408719064,0.45444341546267264
20261002T191712Z-7f1dc1ef,2,20,20971520,common_checks,10.9765625,1.1337716355420928,0.1493256746788144,0.1438775370557191,0.1551406958115117,0.5634739950406472
20261002T191712Z-7f1dc1ef,2,29,30408704,on_policy,44.140625,0.5846237404353413,0.09372428288002237,0.08167568089188115,0.10986147739554021,0.37136587648976305
20261002T191712Z-7f1dc1ef,2,29,30408704,common_checks,10.9765625,1.1337716355420928,0.12590377343515027,0.11924767484720963,0.13188274388707333,0.5560687957610984
20261002T191712Z-7f1dc1ef,3,0,0,on_policy,-1.9921875,0.43262395511965224,0.5853141911552134,0.5738497187400945,0.6016316111180371,1.0203407241799531
20261002T191712Z-7f1dc1ef,3,0,0,common_checks,10.9765625,1.1337716355420928,0.11403532939684359,0.1111547875850061,0.1177956437121012,0.5902602895394601
20261002T191712Z-7f1dc1ef,3,1,1048576,on_policy,2.51953125,0.3883085248123272,0.8246385724405044,0.8132122061746208,0.8448145827695046,1.01672429857379
20261002T191712Z-7f1dc1ef,3,1,1048576,common_checks,10.9765625,1.1337716355420928,0.40794801307488715,0.40092974391960073,0.41609186727165576,0.6809690941504365
20261002T191712Z-7f1dc1ef,3,2,2097152,on_policy,8.26171875,0.3778477613056203,0.8103927418807163,0.7959245082131591,0.8291304357791293,1.0146406013498448
20261002T191712Z-7f1dc1ef,3,2,2097152,common_checks,10.9765625,1.1337716355420928,0.36612214787803904,0.35748129156304737,0.3757960038736944,0.5798602184819168
20261002T191712Z-7f1dc1ef,3,3,3145728,on_policy,15.05859375,0.379086499330204,0.77245863063127,0.7592560097171811,0.791861083641191,1.0172400282351821
20261002T191712Z-7f1dc1ef,3,3,3145728,common_checks,10.9765625,1.1337716355420928,0.33942989973108034,0.33176988026684534,0.34825062972595267,0.5942920067808382
20261002T191712Z-7f1dc1ef,3,4,4194304,on_policy,18.88671875,0.3874000916395234,0.7627302976857102,0.7485404712003502,0.7812347738266208,1.0293493637791618
20261002T191712Z-7f1dc1ef,3,4,4194304,common_checks,10.9765625,1.1337716355420928,0.3244769287784067,0.3171910261469602,0.33232997907343614,0.6064596311775106
20261002T191712Z-7f1dc1ef,3,5,5242880,on_policy,20.7421875,0.3906059073778075,0.7385716258759588,0.7188653646228843,0.7617862546657453,1.0379949432245694
20261002T191712Z-7f1dc1ef,3,5,5242880,common_checks,10.9765625,1.1337716355420928,0.3358570135624937,0.32839369544306196,0.34521375752925204,0.5967081626962983
20261002T191712Z-7f1dc1ef,3,6,6291456,on_policy,23.10546875,0.4023873423826032,0.6731372670194751,0.6573445588542891,0.6903521168055838,1.0093564908310697
20261002T191712Z-7f1dc1ef,3,6,6291456,common_checks,10.9765625,1.1337716355420928,0.3179708436543838,0.3113420474224836,0.3246457398082734,0.5848907709359585
20261002T191712Z-7f1dc1ef,3,9,9437184,on_policy,30.8203125,0.4570580004879639,0.5356960843450707,0.5150970519593067,0.5594404101869701,0.9118047524245487
20261002T191712Z-7f1dc1ef,3,9,9437184,common_checks,10.9765625,1.1337716355420928,0.2437098063207055,0.23754955892689755,0.24997441582882607,0.5547269793252597
20261002T191712Z-7f1dc1ef,3,14,14680064,on_policy,43.53515625,0.5776503757618199,0.26534577775046936,0.24661111749378117,0.28405017095592106,0.5180221653868192
20261002T191712Z-7f1dc1ef,3,14,14680064,common_checks,10.9765625,1.1337716355420928,0.1664958653027431,0.1631671590712852,0.1698787638422832,0.5515118150531012
20261002T191712Z-7f1dc1ef,3,20,20971520,on_policy,44.2578125,0.5737219101589679,0.12779516427798826,0.11822348174357053,0.13960576206677325,0.45549329096998714
20261002T191712Z-7f1dc1ef,3,20,20971520,common_checks,10.9765625,1.1337716355420928,0.12984180425678923,0.12437285345370223,0.13597212876638798,0.560401010286166
20261002T191712Z-7f1dc1ef,3,29,30408704,on_policy,44.35546875,0.5739528748888076,0.07846400697536893,0.06687200397549242,0.09104037140539427,0.38331874739309646
20261002T191712Z-7f1dc1ef,3,29,30408704,common_checks,10.9765625,1.1337716355420928,0.11580284661901805,0.11117155589762297,0.12153804240820837,0.5723360538761066
