condition,factor,factor_role,layer,is_last_layer,candidate,true_mse,true_r_squared,alternative_mse,alternative_r_squared,delta_r_squared,delta_r_squared_ci_low,delta_r_squared_ci_high,ci_reason,parameters,selection_next_observation_kl,test_next_observation_kl,selection_affine_residual_ratio,selection_min_permutation_mse,n_test_episodes,n_bootstrap_resamples
token_guess,factor_1,guessed,layer_1,False,alternative_2,0.008163991142445332,0.8635454701336678,0.0039647448127664965,0.8852710937927752,-0.021725623659107407,-0.02659115144518591,-0.017633423542789045,,"{""alpha"":0.8799999999999999,""strength"":null,""x"":0.4}",0.00877892282092242,0.009052133702600797,0.04473965195759246,0.007620742022161531,28,200
token_guess,factor_1,guessed,layer_1,False,alternative_10,0.008163991142445332,0.8635454701336678,0.00494259015996642,0.867412443116127,-0.0038669729824592214,-0.008483353868058216,9.838585101998945e-05,,"{""alpha"":0.8799999999999999,""strength"":null,""x"":0.52}",0.010378335728968293,0.010560779785766269,0.08587392443043276,0.010197283390127591,28,200
token_guess,factor_1,guessed,layer_1,False,alternative_11,0.008163991142445332,0.8635454701336678,0.008757367787875548,0.870918916941996,-0.007373446808328243,-0.00952814476625852,-0.00540082323727122,,"{""alpha"":0.96,""strength"":null,""x"":0.28}",0.007829078207389725,0.007344470787559439,0.05025549880255707,0.00625338049223417,28,200
token_guess,factor_1,guessed,layer_2,False,alternative_2,0.007525662195100896,0.8742146238466232,0.0036547180630847804,0.8942424227346611,-0.020027798888037962,-0.02442609397410999,-0.015681714792957248,,"{""alpha"":0.8799999999999999,""strength"":null,""x"":0.4}",0.00877892282092242,0.009052133702600797,0.04473965195759246,0.007620742022161531,28,200
token_guess,factor_1,guessed,layer_2,False,alternative_10,0.007525662195100896,0.8742146238466232,0.004552397203601132,0.8778795725206254,-0.0036649486740022164,-0.0077432105675135695,0.0007420655381083219,,"{""alpha"":0.8799999999999999,""strength"":null,""x"":0.52}",0.010378335728968293,0.010560779785766269,0.08587392443043276,0.010197283390127591,28,200
token_guess,factor_1,guessed,layer_2,False,alternative_11,0.007525662195100896,0.8742146238466232,0.008007943365196859,0.8819652174392087,-0.007750593592585564,-0.00982585043231386,-0.005843801055821422,,"{""alpha"":0.96,""strength"":null,""x"":0.28}",0.007829078207389725,0.007344470787559439,0.05025549880255707,0.00625338049223417,28,200
token_guess,factor_1,guessed,layer_3,True,alternative_2,0.007799276715561716,0.8696413777341954,0.0038379452210381207,0.8889403282967654,-0.019298950562570028,-0.0235004195803158,-0.015443794469985629,,"{""alpha"":0.8799999999999999,""strength"":null,""x"":0.4}",0.00877892282092242,0.009052133702600797,0.04473965195759246,0.007620742022161531,28,200
token_guess,factor_1,guessed,layer_3,True,alternative_10,0.007799276715561716,0.8696413777341954,0.004745739676958597,0.8726930599119155,-0.003051682177720033,-0.007114092230358778,0.0008362569462161472,,"{""alpha"":0.8799999999999999,""strength"":null,""x"":0.52}",0.010378335728968293,0.010560779785766269,0.08587392443043276,0.010197283390127591,28,200
token_guess,factor_1,guessed,layer_3,True,alternative_11,0.007799276715561716,0.8696413777341954,0.008322008095814919,0.8773359936175684,-0.007694615883372988,-0.009542603188009886,-0.006015711467202269,,"{""alpha"":0.96,""strength"":null,""x"":0.28}",0.007829078207389725,0.007344470787559439,0.05025549880255707,0.00625338049223417,28,200
token_guess,factor_2,guessed,layer_1,False,alternative_2,0.008677767496439273,0.8552227474596027,0.004252734892898415,0.8770561547719027,-0.021833407312299935,-0.025880016542431862,-0.018411205058413108,,"{""alpha"":0.8799999999999999,""strength"":null,""x"":0.4}",0.00877892282092242,0.009052133702600797,0.04560702153826061,0.007956628035621928,28,200
token_guess,factor_2,guessed,layer_1,False,alternative_10,0.008677767496439273,0.8552227474596027,0.005152086392297505,0.8618071397742997,-0.00658439231469693,-0.010561938808923862,-0.003077234300868047,,"{""alpha"":0.8799999999999999,""strength"":null,""x"":0.52}",0.010378335728968293,0.010560779785766269,0.08617950980317375,0.010436803957409695,28,200
token_guess,factor_2,guessed,layer_1,False,alternative_11,0.008677767496439273,0.8552227474596027,0.009376782512427823,0.8623713127770585,-0.007148565317455724,-0.009542833301192146,-0.004580928180603256,,"{""alpha"":0.96,""strength"":null,""x"":0.28}",0.007829078207389725,0.007344470787559439,0.05106792474829046,0.00633325732898614,28,200
token_guess,factor_2,guessed,layer_2,False,alternative_2,0.00800450056534839,0.8664553296357949,0.003854045733140953,0.8885820033342462,-0.02212667369845145,-0.02672256821145361,-0.018646374067311466,,"{""alpha"":0.8799999999999999,""strength"":null,""x"":0.4}",0.00877892282092242,0.009052133702600797,0.04560702153826061,0.007956628035621928,28,200
token_guess,factor_2,guessed,layer_2,False,alternative_10,0.00800450056534839,0.8664553296357949,0.004722896139231979,0.8733191805546695,-0.0068638509188746755,-0.01076415845616326,-0.003194501741480665,,"{""alpha"":0.8799999999999999,""strength"":null,""x"":0.52}",0.010378335728968293,0.010560779785766269,0.08617950980317375,0.010436803957409695,28,200
token_guess,factor_2,guessed,layer_2,False,alternative_11,0.00800450056534839,0.8664553296357949,0.008900597038542866,0.8693605739184531,-0.0029052442826583147,-0.005885966044477164,-0.0006298317571278572,,"{""alpha"":0.96,""strength"":null,""x"":0.28}",0.007829078207389725,0.007344470787559439,0.05106792474829046,0.00633325732898614,28,200
token_guess,factor_2,guessed,layer_3,True,alternative_2,0.008083706270594099,0.8651338855667179,0.003995589916200649,0.8844900515495046,-0.019356165982786708,-0.02392633177984044,-0.015713615798623317,,"{""alpha"":0.8799999999999999,""strength"":null,""x"":0.4}",0.00877892282092242,0.009052133702600797,0.04560702153826061,0.007956628035621928,28,200
token_guess,factor_2,guessed,layer_3,True,alternative_10,0.008083706270594099,0.8651338855667179,0.004872622712301275,0.8693031098196811,-0.004169224252963122,-0.008192404826464456,-0.0002581022536521791,,"{""alpha"":0.8799999999999999,""strength"":null,""x"":0.52}",0.010378335728968293,0.010560779785766269,0.08617950980317375,0.010436803957409695,28,200
token_guess,factor_2,guessed,layer_3,True,alternative_11,0.008083706270594099,0.8651338855667179,0.00876986462480197,0.8712794123320347,-0.006145526765316767,-0.009229218175255042,-0.003770898631148841,,"{""alpha"":0.96,""strength"":null,""x"":0.28}",0.007829078207389725,0.007344470787559439,0.05106792474829046,0.00633325732898614,28,200
reward_both,factor_1,rewarded,layer_1,False,alternative_9,0.015592540198170494,0.703678098310845,0.003483650897799198,0.8783195885446742,-0.17464149023382913,-0.18962568509778577,-0.1618204256412446,,"{""alpha"":0.94,""strength"":0.6,""x"":0.4}",0.014012133987423936,0.013210532150112501,0.3480958081989684,0.022985849007514114,28,200
reward_both,factor_1,rewarded,layer_1,False,alternative_10,0.015592540198170494,0.703678098310845,0.005042366068114753,0.8558905626619563,-0.15221246435111124,-0.16340479631201643,-0.14265864921126822,,"{""alpha"":0.94,""strength"":0.8,""x"":0.4}",0.005287648194904554,0.004915479760986429,0.15349588471707262,0.010094953318842184,28,200
reward_both,factor_1,rewarded,layer_1,False,alternative_12,0.015592540198170494,0.703678098310845,0.0033511286064080333,0.8766284979768845,-0.17295039966603942,-0.1903277890207206,-0.1597722837324079,,"{""alpha"":0.94,""strength"":0.5,""x"":0.4}",0.019440111561671053,0.01841577809818635,0.45494783777820363,0.031018610450391202,28,200
reward_both,factor_1,rewarded,layer_2,False,alternative_9,0.01677536234505721,0.6811996500611721,0.004026218250596322,0.8593682582686442,-0.1781686082074721,-0.1924384745106056,-0.1638015423857842,,"{""alpha"":0.94,""strength"":0.6,""x"":0.4}",0.014012133987423936,0.013210532150112501,0.3480958081989684,0.022985849007514114,28,200
reward_both,factor_1,rewarded,layer_2,False,alternative_10,0.01677536234505721,0.6811996500611721,0.005888898429907175,0.8316969002625181,-0.1504972502013459,-0.16123254200366113,-0.14049756231962257,,"{""alpha"":0.94,""strength"":0.8,""x"":0.4}",0.005287648194904554,0.004915479760986429,0.15349588471707262,0.010094953318842184,28,200
reward_both,factor_1,rewarded,layer_2,False,alternative_12,0.01677536234505721,0.6811996500611721,0.0037801385717549174,0.8608345342040464,-0.1796348841428743,-0.1951480983396774,-0.16498140384813367,,"{""alpha"":0.94,""strength"":0.5,""x"":0.4}",0.019440111561671053,0.01841577809818635,0.45494783777820363,0.031018610450391202,28,200
reward_both,factor_1,rewarded,layer_3,True,alternative_9,0.01765306816507988,0.6645196572949342,0.0046959962238702704,0.835973589353003,-0.17145393205806883,-0.18596861029009365,-0.15846377635388792,,"{""alpha"":0.94,""strength"":0.6,""x"":0.4}",0.014012133987423936,0.013210532150112501,0.3480958081989684,0.022985849007514114,28,200
reward_both,factor_1,rewarded,layer_3,True,alternative_10,0.01765306816507988,0.6645196572949342,0.006582984614768687,0.8118601077303369,-0.14734045043540273,-0.158235241635573,-0.13788584664799133,,"{""alpha"":0.94,""strength"":0.8,""x"":0.4}",0.005287648194904554,0.004915479760986429,0.15349588471707262,0.010094953318842184,28,200
reward_both,factor_1,rewarded,layer_3,True,alternative_12,0.01765306816507988,0.6645196572949342,0.004495850831647455,0.8344856509202309,-0.1699659936252966,-0.1850380191551762,-0.15627615536983885,,"{""alpha"":0.94,""strength"":0.5,""x"":0.4}",0.019440111561671053,0.01841577809818635,0.45494783777820363,0.031018610450391202,28,200
reward_both,factor_2,rewarded,layer_1,False,alternative_9,0.006147724279745147,0.8420030200939332,0.0037869746901345053,0.8566849212990326,-0.014681901205099407,-0.025883180027591508,-0.007543051774881516,,"{""alpha"":0.94,""strength"":0.6,""x"":0.4}",0.014012133987423936,0.013210532150112501,0.25184712914102997,0.013555130621245394,28,200
reward_both,factor_2,rewarded,layer_1,False,alternative_10,0.006147724279745147,0.8420030200939332,0.004408156654755705,0.8539855216955665,-0.01198250160163336,-0.01915769577199882,-0.006310984271276508,,"{""alpha"":0.94,""strength"":0.8,""x"":0.4}",0.005287648194904554,0.004915479760986429,0.07488871484243688,0.003970139401852146,28,200
reward_both,factor_2,rewarded,layer_1,False,alternative_12,0.006147724279745147,0.8420030200939332,0.0036910637735307413,0.8578034726583276,-0.01580045256439433,-0.02752932895676003,-0.00827527821589049,,"{""alpha"":0.94,""strength"":0.5,""x"":0.4}",0.019440111561671053,0.01841577809818635,0.3591611092583971,0.020246043243690205,28,200
reward_both,factor_2,rewarded,layer_2,False,alternative_9,0.0064570459156628865,0.8340534306083369,0.003908039655879846,0.8521033128877266,-0.018049882279389556,-0.029114225138738598,-0.011868674612654232,,"{""alpha"":0.94,""strength"":0.6,""x"":0.4}",0.014012133987423936,0.013210532150112501,0.25184712914102997,0.013555130621245394,28,200
reward_both,factor_2,rewarded,layer_2,False,alternative_10,0.0064570459156628865,0.8340534306083369,0.004598618905535191,0.8476767063874147,-0.013623275779077626,-0.021157914262240674,-0.009211699420215443,,"{""alpha"":0.94,""strength"":0.8,""x"":0.4}",0.005287648194904554,0.004915479760986429,0.07488871484243688,0.003970139401852146,28,200
reward_both,factor_2,rewarded,layer_2,False,alternative_12,0.0064570459156628865,0.8340534306083369,0.0037998348034853193,0.8536131189597993,-0.01955968835146235,-0.0308698531542499,-0.01278273043376908,,"{""alpha"":0.94,""strength"":0.5,""x"":0.4}",0.019440111561671053,0.01841577809818635,0.3591611092583971,0.020246043243690205,28,200
reward_both,factor_2,rewarded,layer_3,True,alternative_9,0.006232537103674965,0.8398233240912407,0.003863712008920228,0.8537808578233175,-0.01395753373207681,-0.021436025045492763,-0.009043882830358818,,"{""alpha"":0.94,""strength"":0.6,""x"":0.4}",0.014012133987423936,0.013210532150112501,0.25184712914102997,0.013555130621245394,28,200
reward_both,factor_2,rewarded,layer_3,True,alternative_10,0.006232537103674965,0.8398233240912407,0.00437954555698916,0.8549332272426442,-0.015109903151403509,-0.02064299522168399,-0.011722549708326636,,"{""alpha"":0.94,""strength"":0.8,""x"":0.4}",0.005287648194904554,0.004915479760986429,0.07488871484243688,0.003970139401852146,28,200
reward_both,factor_2,rewarded,layer_3,True,alternative_12,0.006232537103674965,0.8398233240912407,0.003872989278256708,0.850794876601975,-0.010971552510734228,-0.019633163520359136,-0.0051186604983246885,,"{""alpha"":0.94,""strength"":0.5,""x"":0.4}",0.019440111561671053,0.01841577809818635,0.3591611092583971,0.020246043243690205,28,200
reward_factor_1,factor_1,rewarded,layer_1,False,alternative_2,0.011568162784651064,0.6715472300894623,0.010047012199978457,0.6429667555038763,0.028580474585586102,0.01553212845511816,0.040868681355197216,,"{""alpha"":0.8799999999999999,""strength"":1.0,""x"":0.4}",0.011316913038445986,0.011251033917206596,0.05533197610393257,0.014268965375191026,28,200
reward_factor_1,factor_1,rewarded,layer_1,False,alternative_10,0.011568162784651064,0.6715472300894623,0.0073231890587384385,0.7374889018098565,-0.06594167172039417,-0.07474875148805057,-0.05694954632878628,,"{""alpha"":0.94,""strength"":0.8,""x"":0.4}",0.016774833004333644,0.016791244064734912,0.0672077431433903,0.0033433942399765343,28,200
reward_factor_1,factor_1,rewarded,layer_2,False,alternative_2,0.008771011618973333,0.7509662411570052,0.006506182601474959,0.7687945991054119,-0.017828357948406814,-0.02781484696169617,-0.009787977606522618,,"{""alpha"":0.8799999999999999,""strength"":1.0,""x"":0.4}",0.011316913038445986,0.011251033917206596,0.05533197610393257,0.014268965375191026,28,200
reward_factor_1,factor_1,rewarded,layer_2,False,alternative_10,0.008771011618973333,0.7509662411570052,0.005327610109477847,0.8090235320500017,-0.058057290892996466,-0.06662887827482245,-0.04973618820593905,,"{""alpha"":0.94,""strength"":0.8,""x"":0.4}",0.016774833004333644,0.016791244064734912,0.0672077431433903,0.0033433942399765343,28,200
reward_factor_1,factor_1,rewarded,layer_3,True,alternative_2,0.0063535798050851815,0.819603948814001,0.003922659941183124,0.8606033338091709,-0.04099938499516986,-0.04827649288634787,-0.033354952607609935,,"{""alpha"":0.8799999999999999,""strength"":1.0,""x"":0.4}",0.011316913038445986,0.011251033917206596,0.05533197610393257,0.014268965375191026,28,200
reward_factor_1,factor_1,rewarded,layer_3,True,alternative_10,0.0063535798050851815,0.819603948814001,0.004094418231771831,0.8532292123211511,-0.03362526350715009,-0.04217009719174307,-0.024976865057910153,,"{""alpha"":0.94,""strength"":0.8,""x"":0.4}",0.016774833004333644,0.016791244064734912,0.0672077431433903,0.0033433942399765343,28,200
reward_factor_1,factor_2,unrewarded,layer_1,False,alternative_2,0.08439708035819118,0.2587013805498831,0.048376584060388195,0.3386769482838389,-0.07997556773395575,-0.08107512763362625,-0.07867855753959191,,"{""alpha"":0.8799999999999999,""strength"":1.0,""x"":0.4}",0.011316913038445986,0.011251033917206596,0.03961831152915624,0.008606989960378895,28,200
reward_factor_1,factor_2,unrewarded,layer_1,False,alternative_10,0.08439708035819118,0.2587013805498831,0.012048145409549743,0.5718105143431441,-0.313109133793261,-0.3172125834775143,-0.30799488167704,,"{""alpha"":0.94,""strength"":0.8,""x"":0.4}",0.016774833004333644,0.016791244064734912,0.3228801753728919,0.059547246028159695,28,200
reward_factor_1,factor_2,unrewarded,layer_2,False,alternative_2,0.0862862991070202,0.24210749786576125,0.049883055530150655,0.31808301158787433,-0.07597551372211309,-0.07731567206603138,-0.0744710203776022,,"{""alpha"":0.8799999999999999,""strength"":1.0,""x"":0.4}",0.011316913038445986,0.011251033917206596,0.03961831152915624,0.008606989960378895,28,200
reward_factor_1,factor_2,unrewarded,layer_2,False,alternative_10,0.0862862991070202,0.24210749786576125,0.013039093648501667,0.5365923457100641,-0.2944848478443029,-0.29816310296834014,-0.2900386260429056,,"{""alpha"":0.94,""strength"":0.8,""x"":0.4}",0.016774833004333644,0.016791244064734912,0.3228801753728919,0.059547246028159695,28,200
reward_factor_1,factor_2,unrewarded,layer_3,True,alternative_2,0.08778736975612612,0.22892289959344303,0.05113503698352642,0.3009680331014861,-0.07204513350804309,-0.07347433373690529,-0.07015111643761741,,"{""alpha"":0.8799999999999999,""strength"":1.0,""x"":0.4}",0.011316913038445986,0.011251033917206596,0.03961831152915624,0.008606989960378895,28,200
reward_factor_1,factor_2,unrewarded,layer_3,True,alternative_10,0.08778736975612612,0.22892289959344303,0.013991371585745298,0.502748514457204,-0.273825614863761,-0.27891008479326257,-0.2679759050936148,,"{""alpha"":0.94,""strength"":0.8,""x"":0.4}",0.016774833004333644,0.016791244064734912,0.3228801753728919,0.059547246028159695,28,200
