condition,factor,factor_role,layer,is_last_layer,control,n_repeats,std_ddof,mse_mean,mse_std,mse_n_valid,mse_replicates,r_squared_mean,r_squared_std,r_squared_n_valid,r_squared_replicates
token_guess,factor_1,guessed,layer_1,False,dirichlet_labels,5,1,0.05549016249567407,0.0002839354478733074,5,"[0.05512577190889516,0.05566362429553461,0.0555075926217205,0.05584547574451303,0.055308347907707014]",-0.0014855177263217278,0.0006302513413248414,5,"[-0.001683547490814119,-0.0018731822911255414,-0.0021074041657334064,-0.0005052309870472449,-0.0012582236968883276]"
token_guess,factor_1,guessed,layer_1,False,gaussian_covariance_matched,5,1,0.060089731057341486,4.147003099850092e-05,5,"[0.060110582728718234,0.06013659112994681,0.0600367544515907,0.06005654380218917,0.06010818317426251]",-0.004351408295122372,0.0006931381336295336,5,"[-0.004699927170877638,-0.005134636628580269,-0.0034659470414895033,-0.0037967100819140676,-0.004659820552750382]"
token_guess,factor_1,guessed,layer_1,False,ntp_bin_matched_activations,5,1,0.009554544822062335,7.158435142385142e-05,5,"[0.009597565186276335,0.009428087949516058,0.00957098720019559,0.009579653604126418,0.009596430170197269]",0.8403034864892316,0.0011964747203782931,5,"[0.8395844357858349,0.8424171111601301,0.8400286653951232,0.8398838134405608,0.8396034066645089]"
token_guess,factor_1,guessed,layer_1,False,shuffled_training_labels,5,1,0.06014493231016912,0.00032750147201939916,5,"[0.06048945291890677,0.05973713783057005,0.059866575947377515,0.06025171541826724,0.06037977943572401]",-0.005274052731060586,0.005473923062287064,5,"[-0.01103243694220235,0.0015419032180425951,-0.0006215505471038885,-0.007058846290847631,-0.009199333093191653]"
token_guess,factor_1,guessed,layer_1,False,visible_suffix_matched_activations,5,1,0.03713622852320455,9.603752704985752e-06,5,"[0.03713472402893481,0.03714833632997185,0.037121702039842754,0.037139012125265616,0.03713736809200771]",0.37929788069016324,0.00016051898360082555,5,"[0.37932302709890897,0.379095508461762,0.3795406791478244,0.37925135502594454,0.3792788337163764]"
token_guess,factor_1,guessed,layer_2,False,dirichlet_labels,5,1,0.05551983465086533,0.0003102934688991023,5,"[0.055134201371228264,0.05570679883521958,0.055546238159703124,0.05591086468362543,0.05530107020455024]",-0.0020190531031251346,0.0007006122282906645,5,"[-0.0018367182028218298,-0.002650268117202703,-0.0028050921381568283,-0.0016767130947463738,-0.001126473962697938]"
token_guess,factor_1,guessed,layer_2,False,gaussian_covariance_matched,5,1,0.060153482577644954,6.057621814032444e-05,5,"[0.06018382749544953,0.060227553481286715,0.06009066689017901,0.06009109222423804,0.06017427279707149]",-0.0054169635584109255,0.0010124826476652262,5,"[-0.005924154394438164,-0.006654998994370942,-0.0043670499865020584,-0.0043741591023804816,-0.005764455314362982]"
token_guess,factor_1,guessed,layer_2,False,ntp_bin_matched_activations,5,1,0.009060989858285774,4.527129982883121e-05,5,"[0.009121101215748285,0.008996066590777969,0.00904829416055879,0.00906449401993825,0.009074993304405579]",0.8485528597884232,0.0007566732774198637,5,"[0.8475481469122016,0.8496379998615309,0.8487650581402384,0.8484942905515731,0.8483188034765721]"
token_guess,factor_1,guessed,layer_2,False,shuffled_training_labels,5,1,0.06014276307569319,0.0003822132443274594,5,"[0.060517854394330016,0.05960543651505086,0.059886917497520745,0.06031954065501571,0.06038406631654863]",-0.00523779572570413,0.006388386225976185,5,"[-0.011507144705693362,0.0037431845249898954,-0.0009615431577174594,-0.00819249044014958,-0.009270984849950148]"
token_guess,factor_1,guessed,layer_2,False,visible_suffix_matched_activations,5,1,0.03719823053872704,2.860676067760289e-05,5,"[0.03717136465911035,0.037235245290574585,0.037188932440492865,0.03717440960573188,0.03722120069772554]",0.37826156698878005,0.0004781389410096589,5,"[0.37871060850641247,0.3776428952541654,0.3784169772043301,0.3786597146785703,0.37787763930042195]"
token_guess,factor_1,guessed,layer_3,True,dirichlet_labels,5,1,0.05553670716480381,0.0003122533019323675,5,"[0.05515884066598052,0.055702525511448824,0.055571257649904275,0.05594387650359002,0.05530703549309541]",-0.002323435207619262,0.000728702726986578,5,"[-0.0022844357643265756,-0.0025733538210288565,-0.003256781991649138,-0.002268139671718794,-0.0012344647893729466]"
token_guess,factor_1,guessed,layer_3,True,gaussian_covariance_matched,5,1,0.060157150144995085,5.941539948854908e-05,5,"[0.06019375598537264,0.0602268168177074,0.06008951015554403,0.060101737333238786,0.060173930433112574]",-0.005478263989754195,0.0009930804997911654,5,"[-0.006090101098825906,-0.006642686256565167,-0.004347716099676102,-0.004552083516889072,-0.005758732976814729]"
token_guess,factor_1,guessed,layer_3,True,ntp_bin_matched_activations,5,1,0.009154208010088672,3.3143096613396534e-05,5,"[0.009182722390322768,0.009114269316018813,0.009122930644944334,0.00916864148071017,0.009182476218447276]",0.8469947935365945,0.0005539601388324057,5,"[0.8465181986602178,0.8476623366080762,0.847517569478136,0.8467535497118974,0.8465223132246448]"
token_guess,factor_1,guessed,layer_3,True,shuffled_training_labels,5,1,0.0601596542557269,0.00043419086827899904,5,"[0.06062979576930063,0.05956099472674501,0.05987189835599797,0.060316726930667135,0.06041885549592374]",-0.005520118181739519,0.007257150304246777,5,"[-0.013378154537488696,0.004485993186082782,-0.0007105103160929271,-0.008145461306180657,-0.0098524579350181]"
token_guess,factor_1,guessed,layer_3,True,visible_suffix_matched_activations,5,1,0.03724754331577287,4.454070365891706e-05,5,"[0.0372319081181804,0.03732345003114839,0.03723946011318057,0.0372056052318728,0.03723729308448218]",0.3774373436780507,0.000744461951470546,5,"[0.3776986734001955,0.37616862412905305,0.3775724478924357,0.37813830493857026,0.37760866802999904]"
token_guess,factor_2,guessed,layer_1,False,dirichlet_labels,5,1,0.05549016249567407,0.0002839354478733074,5,"[0.05512577190889516,0.05566362429553461,0.0555075926217205,0.05584547574451303,0.055308347907707014]",-0.0014855177263217278,0.0006302513413248414,5,"[-0.001683547490814119,-0.0018731822911255414,-0.0021074041657334064,-0.0005052309870472449,-0.0012582236968883276]"
token_guess,factor_2,guessed,layer_1,False,gaussian_covariance_matched,5,1,0.06001722699948094,1.3150602413369764e-05,5,"[0.06002662861807278,0.06001248875485161,0.06002218719632133,0.06002838396279111,0.05999644646536787]",-0.001309292239460369,0.00021940067966098647,5,"[-0.0014661460050997555,-0.0012302407968420859,-0.001392046665746438,-0.0014954316463300366,-0.000962596083283529]"
token_guess,factor_2,guessed,layer_1,False,ntp_bin_matched_activations,5,1,0.009789549258911897,6.237999035256904e-05,5,"[0.00981766901955531,0.009755863790315827,0.009810702657972214,0.009862596822003415,0.009700914004712721]",0.836674116252169,0.001040728922553789,5,"[0.8362049746567394,0.8372361144384394,0.8363211993298039,0.8354554127672577,0.8381528800686048]"
token_guess,factor_2,guessed,layer_1,False,shuffled_training_labels,5,1,0.06059631430636121,0.0003812933343371267,5,"[0.06001441924108356,0.060468624250022536,0.061021288797770114,0.06079118808157008,0.06068605116135976]",-0.010970610004144055,0.0063613828533603195,5,"[-0.0012624484461993823,-0.008840267661943013,-0.018060756091969,-0.014221825224935758,-0.01246775259567312]"
token_guess,factor_2,guessed,layer_1,False,visible_suffix_matched_activations,5,1,0.037034044140355,2.00978382246437e-05,5,"[0.03705544058258201,0.037004867972094464,0.03702454258656167,0.037048474211594566,0.0370368953489423]",0.3821351904968133,0.00033530626412372994,5,"[0.3817782187156453,0.38262195687793044,0.38229371155117764,0.3818944435456092,0.38208762179370415]"
token_guess,factor_2,guessed,layer_2,False,dirichlet_labels,5,1,0.05551983465086533,0.0003102934688991023,5,"[0.055134201371228264,0.05570679883521958,0.055546238159703124,0.05591086468362543,0.05530107020455024]",-0.0020190531031251346,0.0007006122282906645,5,"[-0.0018367182028218298,-0.002650268117202703,-0.0028050921381568283,-0.0016767130947463738,-0.001126473962697938]"
token_guess,factor_2,guessed,layer_2,False,gaussian_covariance_matched,5,1,0.060059649517818094,4.385192037150877e-05,5,"[0.060106564000213664,0.06005562717637907,0.060027831970057635,0.060101022434070034,0.060007202008370064]",-0.0020170567253396943,0.0007316121977930701,5,"[-0.0027997637831598254,-0.0019499491953718362,-0.0014862223662466256,-0.0027073099669709944,-0.0011420383149491897]"
token_guess,factor_2,guessed,layer_2,False,ntp_bin_matched_activations,5,1,0.009236142797298591,5.091414086487347e-05,5,"[0.009239312092894495,0.00917043365820757,0.009279812594926289,0.009290053504740874,0.00920110213572373]",0.8459069825491,0.0008494361519706479,5,"[0.8458541069783899,0.8470032539839243,0.8451784088321702,0.845007552585206,0.8464915903658096]"
token_guess,factor_2,guessed,layer_2,False,shuffled_training_labels,5,1,0.06051778335137193,0.000404266393281042,5,"[0.05997593813050863,0.06024765944402936,0.060999492086340576,0.06066584267748344,0.06069998441849763]",-0.009660423264595286,0.006744658431752286,5,"[-0.0006204412172632345,-0.005153757562088135,-0.017697106340292867,-0.012130600352907805,-0.012700210850424387]"
token_guess,factor_2,guessed,layer_2,False,visible_suffix_matched_activations,5,1,0.03708852460583143,2.2549586094864075e-05,5,"[0.03708593347020955,0.03705995013952488,0.03707465687493564,0.03710955689849394,0.03711252564599314]",0.38122625486192385,0.0003762104852517574,5,"[0.38126948458621057,0.38170298262933267,0.38145761989663873,0.38087535844213005,0.3808258287553071]"
token_guess,factor_2,guessed,layer_3,True,dirichlet_labels,5,1,0.05553670716480381,0.0003122533019323675,5,"[0.05515884066598052,0.055702525511448824,0.055571257649904275,0.05594387650359002,0.05530703549309541]",-0.002323435207619262,0.000728702726986578,5,"[-0.0022844357643265756,-0.0025733538210288565,-0.003256781991649138,-0.002268139671718794,-0.0012344647893729466]"
token_guess,factor_2,guessed,layer_3,True,gaussian_covariance_matched,5,1,0.06006641551016337,4.5509741631640656e-05,5,"[0.06011039764228732,0.06006560851914857,0.060029393016794295,0.060113138155160555,0.0600135402174261]",-0.0021299384985447034,0.0007592707870953944,5,"[-0.0028637231098964655,-0.002116474904135801,-0.0015122663986215645,-0.0029094449991380333,-0.0012477830809316526]"
token_guess,factor_2,guessed,layer_3,True,ntp_bin_matched_activations,5,1,0.009230441993610927,4.924472508553604e-05,5,"[0.009223753792772045,0.009164953642093847,0.00925096354406113,0.009298763387867974,0.009213775601259636]",0.8460020930363896,0.0008215841232109744,5,"[0.846113676959592,0.847094680918,0.8456597176854403,0.8448622395251815,0.8462801500937341]"
token_guess,factor_2,guessed,layer_3,True,shuffled_training_labels,5,1,0.060491947926910546,0.00036684580567592536,5,"[0.06004111830742659,0.06019577564648112,0.060884680656673684,0.06079226062607778,0.06054590439789357]",-0.00922939284424027,0.006120344647805055,5,"[-0.0017078876069194227,-0.004288143950813339,-0.01578162711660669,-0.014239719233632764,-0.010129586313229133]"
token_guess,factor_2,guessed,layer_3,True,visible_suffix_matched_activations,5,1,0.037175154538930014,3.0845243484033676e-05,5,"[0.037209450377834664,0.03715403983270467,0.037190591666808694,0.0371885570800313,0.03713313373727076]",0.3797809472171963,0.0005146127281458382,5,"[0.37920876579700724,0.3801332185999866,0.3795233988371197,0.3795573432685425,0.38048200958332545]"
reward_both,factor_1,rewarded,layer_1,False,dirichlet_labels,5,1,0.05546697913145376,0.000305460668008966,5,"[0.05509014663562445,0.055602019163793176,0.05544332115550604,0.055897357396537464,0.05530205130580765]",-0.0010653219435862837,0.00024904082315079396,5,"[-0.001036205079552932,-0.000764369665926079,-0.0009470779990226053,-0.001434721935967831,-0.0011442350374619714]"
reward_both,factor_1,rewarded,layer_1,False,gaussian_covariance_matched,5,1,0.05270783833626882,2.7127314271467665e-05,5,"[0.052671331165891774,0.052713996207453734,0.052745595964081876,0.05269639493015711,0.05271187341375959]",-0.0016640451926024813,0.0005155296860215205,5,"[-0.0009702599585144078,-0.001781069877270891,-0.0023815942214739927,-0.001446573772440951,-0.0017407281333121638]"
reward_both,factor_1,rewarded,layer_1,False,ntp_bin_matched_activations,5,1,0.025581950783488412,0.00014849695443962908,5,"[0.025543526966189053,0.025471243672610763,0.025540626758395083,0.025842448808186647,0.025511907712060508]",0.5138385273509772,0.0028220481958264472,5,"[0.5145687366990114,0.5159424142872203,0.5146238524837314,0.5088880017096256,0.5151696315752973]"
reward_both,factor_1,rewarded,layer_1,False,shuffled_training_labels,5,1,0.0529050387496442,0.0004525712363412893,5,"[0.05361723079911099,0.0526646145950292,0.05248080781222311,0.052690011497297636,0.053072529044560064]",-0.005411657881915111,0.008600700572072139,5,"[-0.018946213495288244,-0.0008426176997462509,0.0026504613452483783,-0.0013252624953696834,-0.008594657064419753]"
reward_both,factor_1,rewarded,layer_1,False,visible_suffix_matched_activations,5,1,0.023774022304091345,7.203817831317823e-05,5,"[0.023861020373672114,0.023747073187258407,0.023682806070934946,0.02383236677131402,0.023746845117277236]",0.5481965471684139,0.0013690193977815399,5,"[0.546543228780658,0.5487086903758251,0.5499300278797221,0.5470877641695737,0.5487130246362908]"
reward_both,factor_1,rewarded,layer_2,False,dirichlet_labels,5,1,0.055504685894984196,0.00030598876446705974,5,"[0.05512260780547486,0.0556432296949071,0.055487004879443386,0.055931020709652696,0.05533956638544293]",-0.0017458160653248012,0.00020198295179012002,5,"[-0.0016260529609612995,-0.001506105880079156,-0.001735722959676389,-0.0020378204039301906,-0.0018233781219769707]"
reward_both,factor_1,rewarded,layer_2,False,gaussian_covariance_matched,5,1,0.05273814612693637,2.2974463561518148e-05,5,"[0.05271754270522159,0.05272464946713897,0.052773703916126215,0.05272648053995167,0.05274835400624342]",-0.0022400169106462807,0.00043660857347896517,5,"[-0.0018484678092018925,-0.0019835252905004985,-0.0029157600274625217,-0.002018323147109813,-0.0024340082789566786]"
reward_both,factor_1,rewarded,layer_2,False,ntp_bin_matched_activations,5,1,0.02649497644404306,0.00017778739787276444,5,"[0.026462347096621836,0.026413475778752967,0.026535009750132912,0.026771167616659593,0.02629288197804799]",0.49648731346356356,0.0033786861643111564,5,"[0.49710740423490996,0.49803615873320894,0.4957265172596942,0.49123855396322946,0.5003279331267754]"
reward_both,factor_1,rewarded,layer_2,False,shuffled_training_labels,5,1,0.05289519873717978,0.00046558882448317435,5,"[0.053592707675401585,0.0527864821013328,0.05248380718310111,0.05250336863452424,0.05310962809153918]",-0.005224657484991768,0.008848087875525277,5,"[-0.018480174058443932,-0.003158597698068366,0.002593461057216806,0.0022217136439132146,-0.009299690369576563]"
reward_both,factor_1,rewarded,layer_2,False,visible_suffix_matched_activations,5,1,0.025351396112888034,0.00011457630151652558,5,"[0.025397048608247756,0.02541974992754308,0.025173154103412695,0.02546071886752065,0.025306309057715984]",0.5182200070564864,0.002177417349731772,5,"[0.51735242332286,0.516921005605224,0.5216073326966554,0.51614242853888,0.5190768451188128]"
reward_both,factor_1,rewarded,layer_3,True,dirichlet_labels,5,1,0.055523814452542945,0.000306069256418142,5,"[0.0551386403251611,0.05564188095764703,0.05551148782334698,0.05595782824376371,0.05536923491279592]",-0.002091100291610681,0.00040736300864049787,5,"[-0.0019173778828340815,-0.0014818303553010281,-0.002177726264139146,-0.0025180934744049033,-0.002360473481374248]"
reward_both,factor_1,rewarded,layer_3,True,gaussian_covariance_matched,5,1,0.052746633313687195,2.9157633824372533e-05,5,"[0.05271800185705776,0.05273991059868677,0.05278752329821503,0.05272326926939228,0.05276446154508414]",-0.0024013080977159707,0.0005541140438815202,5,"[-0.0018571935680282703,-0.0022735490752525678,-0.0031783846882735833,-0.0019572959003042456,-0.0027401172567211862]"
reward_both,factor_1,rewarded,layer_3,True,ntp_bin_matched_activations,5,1,0.02712253549436071,0.00016681176816406743,5,"[0.027153361897291704,0.026999168628854788,0.02714028589340422,0.027374433626222838,0.026945427426029997]",0.48456113024716985,0.003170104404945328,5,"[0.4839753027795055,0.48690560418967954,0.48422380022053757,0.47977403766849624,0.4879269063776305]"
reward_both,factor_1,rewarded,layer_3,True,shuffled_training_labels,5,1,0.052900694227128994,0.0004440297035686794,5,"[0.053597346790261964,0.05291015476288282,0.05240242585900282,0.05266761278846872,0.052925930935028634]",-0.005329094222801478,0.008438376588785778,5,"[-0.018568336174437317,-0.005508883013463084,0.004140038357149933,-0.000899595611641324,-0.0058086946716156]"
reward_both,factor_1,rewarded,layer_3,True,visible_suffix_matched_activations,5,1,0.025954682343689122,9.873229391731357e-05,5,"[0.026004904085737912,0.025943526507551898,0.025804675105266118,0.026072158760425585,0.025948147259464094]",0.5067551064757051,0.0018763165411075193,5,"[0.5058006884064936,0.5069671128926905,0.5096058562311464,0.5045225751005376,0.5068792997476574]"
reward_both,factor_2,rewarded,layer_1,False,dirichlet_labels,5,1,0.05546697913145376,0.000305460668008966,5,"[0.05509014663562445,0.055602019163793176,0.05544332115550604,0.055897357396537464,0.05530205130580765]",-0.0010653219435862837,0.00024904082315079396,5,"[-0.001036205079552932,-0.000764369665926079,-0.0009470779990226053,-0.001434721935967831,-0.0011442350374619714]"
reward_both,factor_2,rewarded,layer_1,False,gaussian_covariance_matched,5,1,0.0389806708577173,1.9617583413537548e-05,5,"[0.039011865120423046,0.03897548472884961,0.03896892888914052,0.03898578083017665,0.0389612947199967]",-0.0018061952653278368,0.0005041733804826271,5,"[-0.002607890180980066,-0.0016729113603877188,-0.0015044257830176821,-0.001937521944801679,-0.0013082270574520383]"
reward_both,factor_2,rewarded,layer_1,False,ntp_bin_matched_activations,5,1,0.011126071550238198,5.079902156433016e-05,5,"[0.011045229296890866,0.011131274763051955,0.011116495887383827,0.011172988940323245,0.0111643688635411]",0.7140591179490374,0.0013055387041007475,5,"[0.7161367699868431,0.7139253949853888,0.714305213210104,0.712853337468131,0.7130748740947204]"
reward_both,factor_2,rewarded,layer_1,False,shuffled_training_labels,5,1,0.038946991786994706,0.00026200048171003257,5,"[0.03896902696509219,0.03911840053638919,0.039270855860731035,0.038743195688718715,0.03863347988404239]",-0.0009406405953265251,0.006733432236137288,5,"[-0.001506946342408444,-0.005345858445292784,-0.009263971834986062,0.004296934575429345,0.007116639070625319]"
reward_both,factor_2,rewarded,layer_1,False,visible_suffix_matched_activations,5,1,0.01358254770802264,4.586310204548578e-05,5,"[0.013616235528317368,0.013635033897773466,0.013590105702545027,0.013529596496424028,0.013541766915053308]",0.6509274945254038,0.0011786851983886621,5,"[0.6500617149907357,0.6495785954710449,0.6507332534933818,0.6522883446764932,0.651975563995363]"
reward_both,factor_2,rewarded,layer_2,False,dirichlet_labels,5,1,0.055504685894984196,0.00030598876446705974,5,"[0.05512260780547486,0.0556432296949071,0.055487004879443386,0.055931020709652696,0.05533956638544293]",-0.0017458160653248012,0.00020198295179012002,5,"[-0.0016260529609612995,-0.001506105880079156,-0.001735722959676389,-0.0020378204039301906,-0.0018233781219769707]"
reward_both,factor_2,rewarded,layer_2,False,gaussian_covariance_matched,5,1,0.03900715674674233,2.412195653778828e-05,5,"[0.03904519483681149,0.03899497930422887,0.03899349207170014,0.03901640793847303,0.03898570958249811]",-0.0024868846205528426,0.0006199361111481273,5,"[-0.0034644664181171514,-0.002173923425067059,-0.0021357014363658777,-0.002724640949150592,-0.0019356908740635337]"
reward_both,factor_2,rewarded,layer_2,False,ntp_bin_matched_activations,5,1,0.011863649611803934,4.2729107435544006e-05,5,"[0.01182328768803706,0.011918714865076684,0.011865333058952819,0.011820067367448645,0.011890845079504466]",0.6951033058680851,0.0010981412993976588,5,"[0.6961406103677965,0.6936881246857537,0.6950600411487756,0.6962233728509768,0.6944043802871227]"
reward_both,factor_2,rewarded,layer_2,False,shuffled_training_labels,5,1,0.03898937292330042,0.00024987265717387277,5,"[0.03895047943628235,0.03912334734418857,0.03933486397892228,0.03868581742047788,0.03885235643663099]",-0.0020298390103157702,0.006421746226428426,5,"[-0.0010302734463367713,-0.005472991780639758,-0.010908985323474285,0.005771560417736632,0.00149149508113533]"
reward_both,factor_2,rewarded,layer_2,False,visible_suffix_matched_activations,5,1,0.014077518078730271,6.357367990728997e-05,5,"[0.014095853866019168,0.014177643471365573,0.01405073117328694,0.014010638945886824,0.01405272293709285]",0.6382067184859757,0.0016338483916659144,5,"[0.6377354873630396,0.6356334883070609,0.6388951439859643,0.6399255172686107,0.638843955505203]"
reward_both,factor_2,rewarded,layer_3,True,dirichlet_labels,5,1,0.055523814452542945,0.000306069256418142,5,"[0.0551386403251611,0.05564188095764703,0.05551148782334698,0.05595782824376371,0.05536923491279592]",-0.002091100291610681,0.00040736300864049787,5,"[-0.0019173778828340815,-0.0014818303553010281,-0.002177726264139146,-0.0025180934744049033,-0.002360473481374248]"
reward_both,factor_2,rewarded,layer_3,True,gaussian_covariance_matched,5,1,0.03900984302707392,2.667953565011346e-05,5,"[0.03905304110566986,0.039001376129378984,0.038994880450524676,0.03901561360565559,0.03898430384414051]",-0.0025559222286595682,0.0006856660881656254,5,"[-0.0036661161224209593,-0.0023383223162201094,-0.0021713828773775035,-0.0027042265355423645,-0.0018995632917369054]"
reward_both,factor_2,rewarded,layer_3,True,ntp_bin_matched_activations,5,1,0.01219846392438081,5.256747746703578e-05,5,"[0.012188136541671505,0.012218699808670838,0.0121943905036431,0.012123077093699093,0.01226801567421951]",0.6864985526603395,0.0013509881548259967,5,"[0.6867639671786484,0.6859784889004721,0.6866032398820103,0.6884359999221896,0.6847110674183774]"
reward_both,factor_2,rewarded,layer_3,True,shuffled_training_labels,5,1,0.03901245254260907,0.00027366598767457356,5,"[0.03899779007294619,0.039077542785706555,0.03943774404632629,0.038751212516787384,0.03879797329127895]",-0.0026229869756797973,0.007033236623517817,5,"[-0.002246160394121288,-0.0042958111562692025,-0.013553010852712655,0.0040909014864944915,0.0028891460382096668]"
reward_both,factor_2,rewarded,layer_3,True,visible_suffix_matched_activations,5,1,0.014733619670608253,5.269185338518224e-05,5,"[0.014770459499518452,0.014802626862511126,0.014676317413314278,0.014693149844595644,0.014725544733101762]",0.621344857850843,0.0013541846253484543,5,"[0.6203980714558766,0.6195713677891019,0.6228175302060555,0.6223849354464475,0.6215523843567339]"
reward_factor_1,factor_1,rewarded,layer_1,False,dirichlet_labels,5,1,0.05547574886030459,0.0003083630891046015,5,"[0.05508983560716297,0.05565501567801966,0.05547987812584479,0.05587597391085988,0.05527804097963565]",-0.0012234093808891177,0.00042508138855613237,5,"[-0.0010305534200500954,-0.0017182383194747075,-0.0016070599748216896,-0.0010516239501070501,-0.0007095712399920462]"
reward_factor_1,factor_1,rewarded,layer_1,False,gaussian_covariance_matched,5,1,0.03527217229933111,1.4728149434731374e-05,5,"[0.03526052614548208,0.03527814536689746,0.03528675940375602,0.03525281814905378,0.035282612431466236]",-0.0014764581155999323,0.00041817370377189345,5,"[-0.0011457909593945992,-0.001646050351078454,-0.0018906271537200148,-0.0009269392000907928,-0.0017728829137158009]"
reward_factor_1,factor_1,rewarded,layer_1,False,ntp_bin_matched_activations,5,1,0.013978989436213481,0.00010427771144154552,5,"[0.01396687678232273,0.013842915480949396,0.013972024559335277,0.014136402593420958,0.013976727765039046]",0.6030970616210121,0.0029607383471774735,5,"[0.6034409740291831,0.6069605850128572,0.6032948141202912,0.5986276580979427,0.603161276844786]"
reward_factor_1,factor_1,rewarded,layer_1,False,shuffled_training_labels,5,1,0.03535306269035625,0.0002725046598401971,5,"[0.035692501216835835,0.035438404600397114,0.03497180699079839,0.035450107505709184,0.03521249313804071]",-0.003773164471306023,0.007737175902883993,5,"[-0.013410781637663627,-0.006196262007551967,0.007051760185711187,-0.006528540497862334,0.0002180016008366259]"
reward_factor_1,factor_1,rewarded,layer_1,False,visible_suffix_matched_activations,5,1,0.014329079039986328,1.7873622148895807e-05,5,"[0.01433912005864629,0.014321620676111103,0.014314330049021414,0.014355532205928079,0.014314792210224758]",0.5931570303285199,0.0005074825460554668,5,"[0.5928719374876789,0.5933687943155437,0.593575795782118,0.5924059503352475,0.5935626737220114]"
reward_factor_1,factor_1,rewarded,layer_2,False,dirichlet_labels,5,1,0.05549744482383602,0.0003051825075607972,5,"[0.05509759070275295,0.05567342260303136,0.05548093085945853,0.055893798893241614,0.05534148106069564]",-0.001615216810078035,0.0003550649518658204,5,"[-0.0011714702978133928,-0.002049539142428003,-0.0016260655216147057,-0.0013709692126806505,-0.0018580398758534233]"
reward_factor_1,factor_1,rewarded,layer_2,False,gaussian_covariance_matched,5,1,0.035278514414707654,1.4031312640578958e-05,5,"[0.035265193554191714,0.03528612171606457,0.03528621523056316,0.03526185366442491,0.035293187908293916]",-0.0016565286593236196,0.0003983885417305535,5,"[-0.001278311857269454,-0.0018725214015367087,-0.0018751765419129374,-0.0011834829665005042,-0.002073150529398493]"
reward_factor_1,factor_1,rewarded,layer_2,False,ntp_bin_matched_activations,5,1,0.014045018727667738,0.00011547232693496689,5,"[0.01408035582875647,0.013860783838223987,0.014065784223519427,0.014178019915590352,0.014040149832248452]",0.601222303798434,0.0032785850558852757,5,"[0.6002189838288531,0.606453251951433,0.6006327128013136,0.5974460249382734,0.6013605454722969]"
reward_factor_1,factor_1,rewarded,layer_2,False,shuffled_training_labels,5,1,0.03533451265249848,0.00030398925047717275,5,"[0.03566154915145608,0.035431298163538696,0.03498522927308305,0.03555075928144404,0.03504372739297051]",-0.003246476575418633,0.008631112234583543,5,"[-0.012531965200024864,-0.0059944902211590545,0.006670663733579052,-0.009386328303233826,0.005009737113745527]"
reward_factor_1,factor_1,rewarded,layer_2,False,visible_suffix_matched_activations,5,1,0.014499483181042607,1.377707909576372e-05,5,"[0.01449815668906857,0.01449090273296979,0.014489806133076356,0.01449516070706474,0.014523389643033579]",0.5883187761324065,0.00039117013431763957,5,"[0.5883564389809718,0.5885623992546822,0.5885935348186595,0.5884415033603446,0.5876400042473744]"
reward_factor_1,factor_1,rewarded,layer_3,True,dirichlet_labels,5,1,0.055513565870594826,0.00028954884429626234,5,"[0.05514397118755867,0.05567259568259036,0.05550383677126133,0.055896755022887844,0.055350670688675926]",-0.001907365886919621,0.00027042491237949456,5,"[-0.0020142443206665472,-0.0020346556449155617,-0.002039597846339891,-0.0014239300503329222,-0.002024401572343182]"
reward_factor_1,factor_1,rewarded,layer_3,True,gaussian_covariance_matched,5,1,0.035305386843087434,1.679554423663315e-05,5,"[0.03529619847523065,0.035314777750404654,0.03529812494905483,0.03528796307635734,0.03532986996438969]",-0.0024195126957578415,0.0004768728733656099,5,"[-0.0021586290161537125,-0.0026861470419141664,-0.0022133270417168394,-0.001924802813876969,-0.003114657565127521]"
reward_factor_1,factor_1,rewarded,layer_3,True,ntp_bin_matched_activations,5,1,0.013894701122840934,0.00013534982880372934,5,"[0.013930124937718351,0.013711013340294766,0.013936753919782212,0.014072051250111677,0.01382356216629767]",0.6054902445761338,0.0038429633992086627,5,"[0.6044844625575125,0.610705658821174,0.6042962470594171,0.6004547742399667,0.6075100802025983]"
reward_factor_1,factor_1,rewarded,layer_3,True,shuffled_training_labels,5,1,0.03538592997328239,0.00031206399049126226,5,"[0.035720532269825134,0.03552154487332201,0.03510143210552874,0.03557679620420913,0.035009344413526926]",-0.004706359337032473,0.008860376878702617,5,"[-0.014206662294707906,-0.008556848856271948,0.0033713375658249722,-0.01012558997869073,0.0059859668786832465]"
reward_factor_1,factor_1,rewarded,layer_3,True,visible_suffix_matched_activations,5,1,0.014771480495097203,1.2013966236176749e-05,5,"[0.01476813329611335,0.014769360733833663,0.014770825072805952,0.01475807242640001,0.014791010946333043]",0.5805960052073643,0.0003411103873053716,5,"[0.5806910416274211,0.5806561912085055,0.5806146144948571,0.5809766980956583,0.5800414806103794]"
reward_factor_1,factor_2,unrewarded,layer_1,False,dirichlet_labels,5,1,0.05547574886030459,0.0003083630891046015,5,"[0.05508983560716297,0.05565501567801966,0.05547987812584479,0.05587597391085988,0.05527804097963565]",-0.0012234093808891177,0.00042508138855613237,5,"[-0.0010305534200500954,-0.0017182383194747075,-0.0016070599748216896,-0.0010516239501070501,-0.0007095712399920462]"
reward_factor_1,factor_2,unrewarded,layer_1,False,gaussian_covariance_matched,5,1,0.11398277262352384,0.0001028219732849121,5,"[0.11408792857247128,0.11394190461124468,0.11409342599811936,0.11392704361428432,0.11386356032149955]",-0.0011634481703262979,0.000903132981872717,5,"[-0.002087081540709246,-0.0008044855029729625,-0.002135367974625435,-0.0006739544883500592,-0.0001163513449737863]"
reward_factor_1,factor_2,unrewarded,layer_1,False,ntp_bin_matched_activations,5,1,0.10339515433024433,0.0002898518847042163,5,"[0.10365480848587802,0.10292244449355639,0.10340451825450193,0.10360733773864947,0.10338666267863585]",0.09183250371287358,0.002545903259500596,5,"[0.08955184108463066,0.09598453299931387,0.09175025603208486,0.08996879862907936,0.0919070898192591]"
reward_factor_1,factor_2,unrewarded,layer_1,False,shuffled_training_labels,5,1,0.11388627536639893,0.0006763307049997998,5,"[0.11497149692765797,0.11320188500136959,0.11385947355076977,0.11346163749200422,0.11393688386019316]",-0.0003158680978425643,0.00594052561747676,5,"[-0.009847871358435789,0.0056954492440373095,-8.045534611778038e-05,0.0034139228939673583,-0.0007603859226639198]"
reward_factor_1,factor_2,unrewarded,layer_1,False,visible_suffix_matched_activations,5,1,0.0864361480037258,0.00010812923869077614,5,"[0.08653161560526608,0.08630549007558405,0.08649399823251448,0.08633268014687466,0.08651695595838974]",0.2407913056493654,0.0009497491503672194,5,"[0.23995276951845113,0.24193893470644445,0.24028318031429552,0.2417001117255435,0.24008153198209248]"
reward_factor_1,factor_2,unrewarded,layer_2,False,dirichlet_labels,5,1,0.05549744482383602,0.0003051825075607972,5,"[0.05509759070275295,0.05567342260303136,0.05548093085945853,0.055893798893241614,0.05534148106069564]",-0.001615216810078035,0.0003550649518658204,5,"[-0.0011714702978133928,-0.002049539142428003,-0.0016260655216147057,-0.0013709692126806505,-0.0018580398758534233]"
reward_factor_1,factor_2,unrewarded,layer_2,False,gaussian_covariance_matched,5,1,0.1140196237639782,0.00011021538352533275,5,"[0.11411543340629439,0.11397285745939141,0.11414963910473554,0.11397639860518394,0.11388379024428572]",-0.0014871287932582522,0.0009680727260082913,5,"[-0.0023286692266188957,-0.001076358694579005,-0.0026291137079224036,-0.0011074622170721415,-0.0002940401200988152]"
reward_factor_1,factor_2,unrewarded,layer_2,False,ntp_bin_matched_activations,5,1,0.10428358504701475,0.00032456975199225436,5,"[0.1041768085187424,0.10391137866990115,0.10428771423412433,0.10480268832015728,0.10423933549214862]",0.0840290055228432,0.0028508463568404996,5,"[0.08496687319151175,0.08729826640644045,0.08399273696129117,0.07946948121110864,0.08441766984386401]"
reward_factor_1,factor_2,unrewarded,layer_2,False,shuffled_training_labels,5,1,0.11388476666893092,0.0005145564144620606,5,"[0.11476564342286252,0.11364930622430978,0.11375001463841772,0.1134305116481049,0.11382835741095966]",-0.00030261650968965714,0.004519587147458762,5,"[-0.00803976474780188,0.0017655415568211819,0.0008809729434475777,0.00368731558733848,0.00019285211174635553]"
reward_factor_1,factor_2,unrewarded,layer_2,False,visible_suffix_matched_activations,5,1,0.08729250091585554,0.00010441625176240496,5,"[0.08738958242936076,0.08715272146572885,0.0873989142997264,0.08728608196392203,0.08723520442053967]",0.23326956166450669,0.0009171362676423864,5,"[0.23241684979781518,0.2344973092710192,0.23233488366119548,0.23332594229031078,0.23377282330219273]"
reward_factor_1,factor_2,unrewarded,layer_3,True,dirichlet_labels,5,1,0.055513565870594826,0.00028954884429626234,5,"[0.05514397118755867,0.05567259568259036,0.05550383677126133,0.055896755022887844,0.055350670688675926]",-0.001907365886919621,0.00027042491237949456,5,"[-0.0020142443206665472,-0.0020346556449155617,-0.002039597846339891,-0.0014239300503329222,-0.002024401572343182]"
reward_factor_1,factor_2,unrewarded,layer_3,True,gaussian_covariance_matched,5,1,0.11405285594768286,0.00012913510420679768,5,"[0.11416243269081892,0.11400099214145676,0.11421102268288272,0.11398785706517191,0.11390197515808398]",-0.001779022444046019,0.0011342533896287479,5,"[-0.0027414856959246947,-0.0013234786291218548,-0.003168274085796785,-0.0012081071746234961,-0.00045376663476326407]"
reward_factor_1,factor_2,unrewarded,layer_3,True,ntp_bin_matched_activations,5,1,0.10533350108163696,0.00023848781553289754,5,"[0.10525680894623654,0.10505509185104604,0.10528212385142208,0.1057082925947486,0.10536518816473149]",0.07480710704364497,0.0020947488664286766,5,"[0.07548072956534502,0.07725250417590701,0.07525837703625393,0.07151513971406276,0.07452878472665614]"
reward_factor_1,factor_2,unrewarded,layer_3,True,shuffled_training_labels,5,1,0.11388535602046848,0.0005805931886041508,5,"[0.11488419763349822,0.11354688498480879,0.11364976559115615,0.11346038107487275,0.11388555081800647]",-0.00030779305702173244,0.005099618699459276,5,"[-0.009081081251894885,0.0026651547083925697,0.0017615067251943728,0.003424958587157967,-0.00030950405395868685]"
reward_factor_1,factor_2,unrewarded,layer_3,True,visible_suffix_matched_activations,5,1,0.08851318438147285,0.00017257088289373423,5,"[0.08857162458085267,0.08822341114032867,0.08853621582786507,0.0886863055549152,0.08854836480340264]",0.22254773380023424,0.0015157699378162816,5,"[0.22203442648039817,0.22509294629694732,0.22234543794660955,0.22102713040583088,0.2222387278713852]"
