condition,factor,factor_role,layer,is_last_layer,probe_mse,probe_r_squared,delta_contrast_r_squared,baseline,baseline_mse,baseline_r_squared,delta_r_squared,delta_r_squared_ci_low,delta_r_squared_ci_high,mse_improvement,mse_improvement_ci_low,mse_improvement_ci_high,ci_reason,delta_r_squared_ci_reason,n_test_episodes,n_bootstrap_resamples
token_guess,factor_1,guessed,layer_1,False,0.008163991142445332,0.8635454701336678,0.2140145106587289,train_mean,0.06001645387783665,-0.0031266393181843544,0.8666721094518521,0.8621374814973924,0.8736208785553223,0.05185246273539132,0.04992334554418826,0.053657964476988604,,,28,200
token_guess,factor_1,guessed,layer_1,False,0.008163991142445332,0.8635454701336678,0.2140145106587289,ntp,0.007756057236245682,0.8703637564859894,-0.006818286352321634,-0.011893242832635596,-0.001000946456363095,-0.0004079339061996501,-0.0006999585791841428,-5.9034512029341795e-05,,,28,200
token_guess,factor_1,guessed,layer_1,False,0.008163991142445332,0.8635454701336678,0.2140145106587289,log_ntp,0.007200115640416802,0.8796558720417696,-0.016110401908101868,-0.021041300295242572,-0.010496936721424007,-0.0009638755020285302,-0.0012604059504123732,-0.0006190982331567053,,,28,200
token_guess,factor_1,guessed,layer_1,False,0.008163991142445332,0.8635454701336678,0.2140145106587289,joint_ntp,0.0077545795131587665,0.870388455435998,-0.006842985302330208,-0.011998853218503185,-0.0009749857942202374,-0.0004094116292865657,-0.000706301636805812,-5.758368900727558e-05,,,28,200
token_guess,factor_1,guessed,layer_1,False,0.008163991142445332,0.8635454701336678,0.2140145106587289,log_joint_ntp,0.008181221159109887,0.863257484296529,0.00028798583713880965,-0.004301623708529916,0.0057381019104162205,1.7230016664555176e-05,-0.00026319092631477993,0.00033889645828833896,,,28,200
token_guess,factor_1,guessed,layer_1,False,0.008163991142445332,0.8635454701336678,0.2140145106587289,policy_probabilities,0.053723299374463976,0.10205836445641525,0.7614871056772526,0.7403863281045256,0.792106606329084,0.04555930823201865,0.04293099073133767,0.04853743580605026,,,28,200
token_guess,factor_1,guessed,layer_1,False,0.008163991142445332,0.8635454701336678,0.2140145106587289,centered_log_policy,0.028041882116540677,0.5313025487147276,0.33224292141894024,0.32256957776657263,0.34248307436079417,0.019877890974095345,0.019113588794177978,0.020633799269493935,,,28,200
token_guess,factor_1,guessed,layer_1,False,0.008163991142445332,0.8635454701336678,0.2140145106587289,suffix_0_belief,0.06001645387783665,-0.0031266393181843544,0.8666721094518521,0.8621374814973923,0.8736208785553223,0.05185246273539132,0.04992334554418826,0.053657964476988604,,,28,200
token_guess,factor_1,guessed,layer_1,False,0.008163991142445332,0.8635454701336678,0.2140145106587289,suffix_1_belief,0.03701866201850611,0.38126291003019364,0.4822825601034741,0.47447854525063166,0.49002256839296215,0.028854670876060775,0.027561709251303683,0.029957757776367108,,,28,200
token_guess,factor_1,guessed,layer_1,False,0.008163991142445332,0.8635454701336678,0.2140145106587289,suffix_2_belief,0.023411716545103014,0.6086920332487052,0.2548534368849626,0.24877576733020412,0.260566513316856,0.015247725402657682,0.014536715979543318,0.015796696843990748,,,28,200
token_guess,factor_1,guessed,layer_1,False,0.008163991142445332,0.8635454701336678,0.2140145106587289,suffix_4_belief,0.011676593497499305,0.8048351537451207,0.05871031638854705,0.05401395675994046,0.06326386011817967,0.0035126023550539724,0.0032694109947876988,0.0037614816763559002,,,28,200
token_guess,factor_1,guessed,layer_1,False,0.008163991142445332,0.8635454701336678,0.2140145106587289,suffix_8_belief,0.00538397559487433,0.9100111886708477,-0.04646571853717997,-0.05188790293338226,-0.04080907944895401,-0.002780015547571002,-0.003078076530986409,-0.002468916552602297,,,28,200
token_guess,factor_1,guessed,layer_1,False,0.008163991142445332,0.8635454701336678,0.2140145106587289,suffix_16_belief,0.0019074401317701534,0.968118676038775,-0.1045732059051072,-0.11187883909487596,-0.09707739344888501,-0.006256551010675179,-0.006568851827486643,-0.005933971206076635,,,28,200
token_guess,factor_1,guessed,layer_1,False,0.008163991142445332,0.8635454701336678,0.2140145106587289,suffix_32_belief,0.00032130090932179,0.9946297143441047,-0.131084244210437,-0.14046015238360854,-0.12119052186440227,-0.007842690233123542,-0.008227727830170317,-0.007432690961427164,,,28,200
token_guess,factor_1,guessed,layer_2,False,0.007525662195100896,0.8742146238466232,0.22798962331776085,train_mean,0.06001645387783665,-0.0031266393181843544,0.8773412631648075,0.8740072746520106,0.8831050895561507,0.05249079168273575,0.050489518324318125,0.05424034654741335,,,28,200
token_guess,factor_1,guessed,layer_2,False,0.007525662195100896,0.8742146238466232,0.22798962331776085,ntp,0.007756057236245682,0.8703637564859894,0.0038508673606337815,-2.1427356707212762e-05,0.008302954279556617,0.00023039504114478592,-1.2936385712802017e-06,0.0004896209012333311,,,28,200
token_guess,factor_1,guessed,layer_2,False,0.007525662195100896,0.8742146238466232,0.22798962331776085,log_ntp,0.007200115640416802,0.8796558720417696,-0.005441248195146451,-0.009400164195017994,-0.0012714058204245674,-0.00032554655468409414,-0.0005650077652451195,-7.319054310840921e-05,,,28,200
token_guess,factor_1,guessed,layer_2,False,0.007525662195100896,0.8742146238466232,0.22798962331776085,joint_ntp,0.0077545795131587665,0.870388455435998,0.0038261684106252083,-5.31377145010365e-05,0.008290622347217988,0.00022891731805787033,-3.2227246741350005e-06,0.0004894798043576194,,,28,200
token_guess,factor_1,guessed,layer_2,False,0.007525662195100896,0.8742146238466232,0.22798962331776085,log_joint_ntp,0.008181221159109887,0.863257484296529,0.010957139550094227,0.0073778445018369216,0.015334955890960643,0.0006555589640089912,0.0004479661419340965,0.0008819727412118115,,,28,200
token_guess,factor_1,guessed,layer_2,False,0.007525662195100896,0.8742146238466232,0.22798962331776085,policy_probabilities,0.053723299374463976,0.10205836445641525,0.772156259390208,0.7514929400956987,0.8020499870084964,0.04619763717936308,0.043511488317793674,0.04910974270569678,,,28,200
token_guess,factor_1,guessed,layer_2,False,0.007525662195100896,0.8742146238466232,0.22798962331776085,centered_log_policy,0.028041882116540677,0.5313025487147276,0.34291207513189564,0.3339654021344252,0.3522666417777062,0.02051621992143978,0.019769206980879563,0.021198897798176398,,,28,200
token_guess,factor_1,guessed,layer_2,False,0.007525662195100896,0.8742146238466232,0.22798962331776085,suffix_0_belief,0.06001645387783665,-0.0031266393181843544,0.8773412631648075,0.8740072746520103,0.8831050895561507,0.05249079168273575,0.05048951832431812,0.05424034654741335,,,28,200
token_guess,factor_1,guessed,layer_2,False,0.007525662195100896,0.8742146238466232,0.22798962331776085,suffix_1_belief,0.03701866201850611,0.38126291003019364,0.4929517138164295,0.48550447734422697,0.4995089823240857,0.02949299982340521,0.02820333505047,0.03053173377429259,,,28,200
token_guess,factor_1,guessed,layer_2,False,0.007525662195100896,0.8742146238466232,0.22798962331776085,suffix_2_belief,0.023411716545103014,0.6086920332487052,0.265522590597918,0.2593707007804346,0.2710901611324802,0.015886054350002118,0.015210676081302282,0.01640085747409262,,,28,200
token_guess,factor_1,guessed,layer_2,False,0.007525662195100896,0.8742146238466232,0.22798962331776085,suffix_4_belief,0.011676593497499305,0.8048351537451207,0.06937947010150247,0.06552977580138926,0.07367653307301798,0.0041509313023984085,0.003994464528001957,0.0043307430092841505,,,28,200
token_guess,factor_1,guessed,layer_2,False,0.007525662195100896,0.8742146238466232,0.22798962331776085,suffix_8_belief,0.00538397559487433,0.9100111886708477,-0.03579656482422455,-0.039531935524477244,-0.032111874098326394,-0.0021416866002265658,-0.0023487325847554885,-0.0019253138892905567,,,28,200
token_guess,factor_1,guessed,layer_2,False,0.007525662195100896,0.8742146238466232,0.22798962331776085,suffix_16_belief,0.0019074401317701534,0.968118676038775,-0.09390405219215178,-0.10037947215141506,-0.08868387315862479,-0.0056182220633307425,-0.005866859369056349,-0.005339104169426813,,,28,200
token_guess,factor_1,guessed,layer_2,False,0.007525662195100896,0.8742146238466232,0.22798962331776085,suffix_32_belief,0.00032130090932179,0.9946297143441047,-0.12041509049748156,-0.13035602307650304,-0.11296069411440639,-0.007204361285779106,-0.007551669948643986,-0.006902440773090056,,,28,200
token_guess,factor_1,guessed,layer_3,True,0.007799276715561716,0.8696413777341954,0.18913479922871146,train_mean,0.06001645387783665,-0.0031266393181843544,0.8727680170523797,0.8696312162697625,0.878273974549879,0.05221717716227493,0.050209331230471846,0.053965251665910305,,,28,200
token_guess,factor_1,guessed,layer_3,True,0.007799276715561716,0.8696413777341954,0.18913479922871146,ntp,0.007756057236245682,0.8703637564859894,-0.0007223787517940132,-0.0043427605427437364,0.002996639293528482,-4.3219479316033635e-05,-0.0002652535462850095,0.00017975892096984042,,,28,200
token_guess,factor_1,guessed,layer_3,True,0.007799276715561716,0.8696413777341954,0.18913479922871146,log_ntp,0.007200115640416802,0.8796558720417696,-0.010014494307574246,-0.013568835221167927,-0.006301773328824222,-0.0005991610751449137,-0.0008177131448112358,-0.00037696575905888855,,,28,200
token_guess,factor_1,guessed,layer_3,True,0.007799276715561716,0.8696413777341954,0.18913479922871146,joint_ntp,0.0077545795131587665,0.870388455435998,-0.0007470777018025865,-0.004372857270388374,0.0030848027630981023,-4.469720240294923e-05,-0.00026273117124874434,0.00018195285500860185,,,28,200
token_guess,factor_1,guessed,layer_3,True,0.007799276715561716,0.8696413777341954,0.18913479922871146,log_joint_ntp,0.008181221159109887,0.863257484296529,0.006383893437666431,0.0029802252840617854,0.009914126382590828,0.00038194444354817166,0.0001805375639553769,0.0005724958220532837,,,28,200
token_guess,factor_1,guessed,layer_3,True,0.007799276715561716,0.8696413777341954,0.18913479922871146,policy_probabilities,0.053723299374463976,0.10205836445641525,0.7675830132777802,0.7472400102582042,0.7976143267072429,0.04592402265890226,0.04321905398841242,0.04884561684560054,,,28,200
token_guess,factor_1,guessed,layer_3,True,0.007799276715561716,0.8696413777341954,0.18913479922871146,centered_log_policy,0.028041882116540677,0.5313025487147276,0.3383388290194679,0.3291538493936605,0.3471556215534579,0.020242605400978962,0.019499227577753506,0.020889269489362775,,,28,200
token_guess,factor_1,guessed,layer_3,True,0.007799276715561716,0.8696413777341954,0.18913479922871146,suffix_0_belief,0.06001645387783665,-0.0031266393181843544,0.8727680170523797,0.8696312162697621,0.8782739745498789,0.05221717716227493,0.05020933123047183,0.053965251665910305,,,28,200
token_guess,factor_1,guessed,layer_3,True,0.007799276715561716,0.8696413777341954,0.18913479922871146,suffix_1_belief,0.03701866201850611,0.38126291003019364,0.48837846770400173,0.4810668800337401,0.4950493838310576,0.029219385302944392,0.027904555018546637,0.03027332010292896,,,28,200
token_guess,factor_1,guessed,layer_3,True,0.007799276715561716,0.8696413777341954,0.18913479922871146,suffix_2_belief,0.023411716545103014,0.6086920332487052,0.2609493444854902,0.25431924089854613,0.2667461587635809,0.015612439829541299,0.014910597612213063,0.016131596433772193,,,28,200
token_guess,factor_1,guessed,layer_3,True,0.007799276715561716,0.8696413777341954,0.18913479922871146,suffix_4_belief,0.011676593497499305,0.8048351537451207,0.06480622398907467,0.06095369924722877,0.06885628321412042,0.003877316781937589,0.003704374203312381,0.004050068653396536,,,28,200
token_guess,factor_1,guessed,layer_3,True,0.007799276715561716,0.8696413777341954,0.18913479922871146,suffix_8_belief,0.00538397559487433,0.9100111886708477,-0.04036981093665235,-0.04378766503299803,-0.03711839763236714,-0.0024153011206873853,-0.0026000697079981592,-0.002230362982441017,,,28,200
token_guess,factor_1,guessed,layer_3,True,0.007799276715561716,0.8696413777341954,0.18913479922871146,suffix_16_belief,0.0019074401317701534,0.968118676038775,-0.09847729830457959,-0.10539975944641833,-0.09345708732919311,-0.005891836583791562,-0.006119409650059895,-0.005644900742661749,,,28,200
token_guess,factor_1,guessed,layer_3,True,0.007799276715561716,0.8696413777341954,0.18913479922871146,suffix_32_belief,0.00032130090932179,0.9946297143441047,-0.12498833660990936,-0.13513267209812677,-0.11804728321671105,-0.007477975806239926,-0.0078493965488136,-0.007160370543486597,,,28,200
token_guess,factor_2,guessed,layer_1,False,0.008677767496439273,0.8552227474596027,0.1631877085087804,train_mean,0.05996000249413312,-0.0003545758719569747,0.8555773233315596,0.8512657273810963,0.8626544418914864,0.05128223499769385,0.04962087623324926,0.05285282069963497,,,28,200
token_guess,factor_2,guessed,layer_1,False,0.008677767496439273,0.8552227474596027,0.1631877085087804,ntp,0.007598446854500435,0.8732298071341286,-0.01800705967452586,-0.02372911560956705,-0.011928310424193912,-0.001079320641938838,-0.0014519962511240284,-0.0007035085846773665,,,28,200
token_guess,factor_2,guessed,layer_1,False,0.008677767496439273,0.8552227474596027,0.1631877085087804,log_ntp,0.0070641387082810885,0.8821440429040234,-0.026921295444420706,-0.03217198575728688,-0.021299661453795585,-0.0016136287881581843,-0.001968619921250666,-0.0012562129315137989,,,28,200
token_guess,factor_2,guessed,layer_1,False,0.008677767496439273,0.8552227474596027,0.1631877085087804,joint_ntp,0.007612493686138246,0.8729954540367156,-0.01777270657711293,-0.023572486707971893,-0.011874659910803864,-0.001065273810301027,-0.001442412364120256,-0.0007003450210880806,,,28,200
token_guess,factor_2,guessed,layer_1,False,0.008677767496439273,0.8552227474596027,0.1631877085087804,log_joint_ntp,0.008090131383987401,0.8650266909150146,-0.009803943455411898,-0.015075497055144906,-0.0036092546768839327,-0.0005876361124518715,-0.0009124743934806036,-0.0002116811537244313,,,28,200
token_guess,factor_2,guessed,layer_1,False,0.008677767496439273,0.8552227474596027,0.1631877085087804,policy_probabilities,0.057050295391063176,0.04819009880993563,0.8070326486496671,0.787945488323695,0.8342328588284812,0.0483725278946239,0.04636903946540946,0.050911067324779104,,,28,200
token_guess,factor_2,guessed,layer_1,False,0.008677767496439273,0.8552227474596027,0.1631877085087804,centered_log_policy,0.04414566261421008,0.2634870953291628,0.5917356521304399,0.5794368521729192,0.6090698198226226,0.035467895117770806,0.034266256192176006,0.036545526879195836,,,28,200
token_guess,factor_2,guessed,layer_1,False,0.008677767496439273,0.8552227474596027,0.1631877085087804,suffix_0_belief,0.05996000249413313,-0.0003545758719569747,0.8555773233315597,0.8512657273810965,0.8626544418914867,0.051282234997693854,0.049620876233249275,0.05285282069963497,,,28,200
token_guess,factor_2,guessed,layer_1,False,0.008677767496439273,0.8552227474596027,0.1631877085087804,suffix_1_belief,0.036920224332928034,0.3840341257944824,0.4711886216651203,0.46428178997102776,0.4791522307707283,0.02824245683648876,0.027177785696301957,0.029087053745370465,,,28,200
token_guess,factor_2,guessed,layer_1,False,0.008677767496439273,0.8552227474596027,0.1631877085087804,suffix_2_belief,0.02316076477421854,0.6135927942156014,0.24162995324400127,0.23612776792384613,0.24889779250941652,0.014482997277779268,0.013973335579869451,0.015067080346420302,,,28,200
token_guess,factor_2,guessed,layer_1,False,0.008677767496439273,0.8552227474596027,0.1631877085087804,suffix_4_belief,0.011466099019041045,0.80870306631123,0.04651968114837269,0.04183442367129948,0.05217803488796668,0.0027883315226017724,0.0025193477326863906,0.0030585444623953155,,,28,200
token_guess,factor_2,guessed,layer_1,False,0.008677767496439273,0.8552227474596027,0.1631877085087804,suffix_8_belief,0.005214980528045491,0.9129948396045529,-0.057772092144950174,-0.06143673793179663,-0.05383878589289311,-0.0034627869683937816,-0.003720996947576422,-0.00319969712171632,,,28,200
token_guess,factor_2,guessed,layer_1,False,0.008677767496439273,0.8552227474596027,0.1631877085087804,suffix_16_belief,0.001814825849218504,0.9697219935430443,-0.11449924608344163,-0.1194556414686454,-0.10975530110942584,-0.006862941647220769,-0.007099298373841228,-0.006591455014767549,,,28,200
token_guess,factor_2,guessed,layer_1,False,0.008677767496439273,0.8552227474596027,0.1631877085087804,suffix_32_belief,0.0003067901217068252,0.9948816062489029,-0.1396588587893002,-0.1475243241202861,-0.13344938192747746,-0.008370977374732448,-0.008617006725635134,-0.008095082013876966,,,28,200
token_guess,factor_2,guessed,layer_2,False,0.00800450056534839,0.8664553296357949,0.17683374908454885,train_mean,0.05996000249413312,-0.0003545758719569747,0.8668099055077517,0.8631775433374349,0.8738003056805212,0.05195550192878473,0.050278162144966734,0.05354647608773558,,,28,200
token_guess,factor_2,guessed,layer_2,False,0.00800450056534839,0.8664553296357949,0.17683374908454885,ntp,0.007598446854500435,0.8732298071341286,-0.006774477498333765,-0.011624754835836379,-0.0018589882108708715,-0.000406053710847956,-0.0007080656237109697,-0.0001072543882890373,,,28,200
token_guess,factor_2,guessed,layer_2,False,0.00800450056534839,0.8664553296357949,0.17683374908454885,log_ntp,0.0070641387082810885,0.8821440429040234,-0.015688713268228613,-0.019971143272278585,-0.011791493681603763,-0.0009403618570673023,-0.0012214538077662254,-0.0006870064454226014,,,28,200
token_guess,factor_2,guessed,layer_2,False,0.00800450056534839,0.8664553296357949,0.17683374908454885,joint_ntp,0.007612493686138246,0.8729954540367156,-0.006540124400920834,-0.011378888348134015,-0.0014978458889053747,-0.0003920068792101451,-0.0006930885333754946,-8.711909425672915e-05,,,28,200
token_guess,factor_2,guessed,layer_2,False,0.00800450056534839,0.8664553296357949,0.17683374908454885,log_joint_ntp,0.008090131383987401,0.8650266909150146,0.0014286387207801975,-0.002950930307076002,0.0057890368899183205,8.563081863901048e-05,-0.00017860011067190814,0.00033655593201076185,,,28,200
token_guess,factor_2,guessed,layer_2,False,0.00800450056534839,0.8664553296357949,0.17683374908454885,policy_probabilities,0.057050295391063176,0.04819009880993563,0.8182652308258592,0.7981807878889515,0.846644272031364,0.049045794825714785,0.04697947000671855,0.0516124567483588,,,28,200
token_guess,factor_2,guessed,layer_2,False,0.00800450056534839,0.8664553296357949,0.17683374908454885,centered_log_policy,0.04414566261421008,0.2634870953291628,0.602968234306632,0.5915534557003214,0.6182931942592151,0.03614116204886169,0.034994161966585134,0.03726508286912293,,,28,200
token_guess,factor_2,guessed,layer_2,False,0.00800450056534839,0.8664553296357949,0.17683374908454885,suffix_0_belief,0.05996000249413313,-0.0003545758719569747,0.8668099055077518,0.8631775433374352,0.8738003056805212,0.05195550192878474,0.050278162144966755,0.05354647608773558,,,28,200
token_guess,factor_2,guessed,layer_2,False,0.00800450056534839,0.8664553296357949,0.17683374908454885,suffix_1_belief,0.036920224332928034,0.3840341257944824,0.48242120384131243,0.47603246034586527,0.48937637526172784,0.028915723767579643,0.02782940727750606,0.029829913219992104,,,28,200
token_guess,factor_2,guessed,layer_2,False,0.00800450056534839,0.8664553296357949,0.17683374908454885,suffix_2_belief,0.02316076477421854,0.6135927942156014,0.2528625354201934,0.24747556570858759,0.2597062345534998,0.01515626420887015,0.014595801785608894,0.015664381940084838,,,28,200
token_guess,factor_2,guessed,layer_2,False,0.00800450056534839,0.8664553296357949,0.17683374908454885,suffix_4_belief,0.011466099019041045,0.80870306631123,0.05775226332456478,0.05396003065827244,0.0618647102989757,0.0034615984536926544,0.00326589816481044,0.00364140311329174,,,28,200
token_guess,factor_2,guessed,layer_2,False,0.00800450056534839,0.8664553296357949,0.17683374908454885,suffix_8_belief,0.005214980528045491,0.9129948396045529,-0.04653950996875808,-0.048491961913554024,-0.04432283341723417,-0.0027895200373028997,-0.0029419114957080746,-0.0026450342659763313,,,28,200
token_guess,factor_2,guessed,layer_2,False,0.00800450056534839,0.8664553296357949,0.17683374908454885,suffix_16_belief,0.001814825849218504,0.9697219935430443,-0.10326666390724953,-0.10847870492574936,-0.09863244560327177,-0.006189674716129887,-0.006371555137187725,-0.005993896594731263,,,28,200
token_guess,factor_2,guessed,layer_2,False,0.00800450056534839,0.8664553296357949,0.17683374908454885,suffix_32_belief,0.0003067901217068252,0.9948816062489029,-0.1284262766131081,-0.13629450407390858,-0.12224245907595882,-0.007697710443641565,-0.007971678051717848,-0.007437145139250635,,,28,200
token_guess,factor_2,guessed,layer_3,True,0.008083706270594099,0.8651338855667179,0.1544778437655019,train_mean,0.05996000249413312,-0.0003545758719569747,0.8654884614386747,0.8612221800144391,0.8726301292178563,0.05187629622353902,0.05013231395915302,0.053488865803991925,,,28,200
token_guess,factor_2,guessed,layer_3,True,0.008083706270594099,0.8651338855667179,0.1544778437655019,ntp,0.007598446854500435,0.8732298071341286,-0.008095921567410682,-0.013408282714950648,-0.0031793990637598553,-0.0004852594160936639,-0.0008097326946923913,-0.00018646467139107838,,,28,200
token_guess,factor_2,guessed,layer_3,True,0.008083706270594099,0.8651338855667179,0.1544778437655019,log_ntp,0.0070641387082810885,0.8821440429040234,-0.01701015733730553,-0.021700552906770126,-0.012411365141678432,-0.0010195675623130103,-0.0013155807253342983,-0.0007278953023212449,,,28,200
token_guess,factor_2,guessed,layer_3,True,0.008083706270594099,0.8651338855667179,0.1544778437655019,joint_ntp,0.007612493686138246,0.8729954540367156,-0.007861568469997752,-0.013253398581037973,-0.0028502477533985694,-0.000471212584455853,-0.0008003672079329514,-0.00016771789913443952,,,28,200
token_guess,factor_2,guessed,layer_3,True,0.008083706270594099,0.8651338855667179,0.1544778437655019,log_joint_ntp,0.008090131383987401,0.8650266909150146,0.00010719465170328032,-0.004515348364644425,0.004669454296534625,6.425113393302567e-06,-0.00027441784967416035,0.0002739961525834538,,,28,200
token_guess,factor_2,guessed,layer_3,True,0.008083706270594099,0.8651338855667179,0.1544778437655019,policy_probabilities,0.057050295391063176,0.04819009880993563,0.8169437867567823,0.796994368612155,0.8448742874512978,0.04896658912046908,0.046934465007069825,0.0515172909101705,,,28,200
token_guess,factor_2,guessed,layer_3,True,0.008083706270594099,0.8651338855667179,0.1544778437655019,centered_log_policy,0.04414566261421008,0.2634870953291628,0.6016467902375551,0.5894768762384519,0.6176110593214607,0.03606195634361598,0.03483064030849106,0.03720271196935409,,,28,200
token_guess,factor_2,guessed,layer_3,True,0.008083706270594099,0.8651338855667179,0.1544778437655019,suffix_0_belief,0.05996000249413313,-0.0003545758719569747,0.865488461438675,0.8612221800144396,0.8726301292178563,0.05187629622353903,0.05013231395915304,0.05348886580399191,,,28,200
token_guess,factor_2,guessed,layer_3,True,0.008083706270594099,0.8651338855667179,0.1544778437655019,suffix_1_belief,0.036920224332928034,0.3840341257944824,0.4810997597722355,0.47437398236851547,0.4887233871681591,0.028836518062333935,0.027742523798980852,0.029742353523449234,,,28,200
token_guess,factor_2,guessed,layer_3,True,0.008083706270594099,0.8651338855667179,0.1544778437655019,suffix_2_belief,0.02316076477421854,0.6135927942156014,0.25154109135111646,0.2459052902577534,0.2592558301079645,0.015077058503624442,0.014501932740387432,0.015624056833945453,,,28,200
token_guess,factor_2,guessed,layer_3,True,0.008083706270594099,0.8651338855667179,0.1544778437655019,suffix_4_belief,0.011466099019041045,0.80870306631123,0.05643081925548787,0.052217271827719035,0.060790474451045254,0.0033823927484469465,0.0031714261616697936,0.003607461352405928,,,28,200
token_guess,factor_2,guessed,layer_3,True,0.008083706270594099,0.8651338855667179,0.1544778437655019,suffix_8_belief,0.005214980528045491,0.9129948396045529,-0.047860954037834996,-0.05056647541311662,-0.044992112292158076,-0.0028687257425486076,-0.0030632111317027413,-0.0027001003168286982,,,28,200
token_guess,factor_2,guessed,layer_3,True,0.008083706270594099,0.8651338855667179,0.1544778437655019,suffix_16_belief,0.001814825849218504,0.9697219935430443,-0.10458810797632645,-0.11048292622375694,-0.09967365100307644,-0.006268880421375595,-0.006457772019349495,-0.0060567691813389665,,,28,200
token_guess,factor_2,guessed,layer_3,True,0.008083706270594099,0.8651338855667179,0.1544778437655019,suffix_32_belief,0.0003067901217068252,0.9948816062489029,-0.129747720682185,-0.1379932520539365,-0.12352022499740195,-0.007776916148887273,-0.008044658557692637,-0.007497678561391213,,,28,200
reward_both,factor_1,rewarded,layer_1,False,0.015592540198170494,0.703678098310845,0.668345336898343,train_mean,0.05266197972845156,-0.0007925444810750193,0.7044706427919201,0.6879697363227271,0.7165218416859094,0.037069439530281065,0.036216404381878516,0.03822499266316415,,,28,200
reward_both,factor_1,rewarded,layer_1,False,0.015592540198170494,0.703678098310845,0.668345336898343,ntp,0.020302612314149225,0.6141675048628551,0.08951059344798994,0.0741107781310669,0.10389500033729038,0.004710072115978731,0.003974919414590375,0.0054214782955753806,,,28,200
reward_both,factor_1,rewarded,layer_1,False,0.015592540198170494,0.703678098310845,0.668345336898343,log_ntp,0.014854975067577584,0.7176948460209164,-0.014016747710071312,-0.029314675787339952,0.00157133119585332,-0.0007375651305929105,-0.0015647892687544764,8.233597653980292e-05,,,28,200
reward_both,factor_1,rewarded,layer_1,False,0.015592540198170494,0.703678098310845,0.668345336898343,joint_ntp,0.019591218944820684,0.6276868822939438,0.07599121601690129,0.06207960194262684,0.08935850030710389,0.00399867874665019,0.003305576404283836,0.004652696659500647,,,28,200
reward_both,factor_1,rewarded,layer_1,False,0.015592540198170494,0.703678098310845,0.668345336898343,log_joint_ntp,0.015283869935132068,0.7095440930862935,-0.005865994775448462,-0.01934596287899534,0.0067615058501471524,-0.0003086702630384266,-0.001041433596329534,0.0003492090280711806,,,28,200
reward_both,factor_1,rewarded,layer_1,False,0.015592540198170494,0.703678098310845,0.668345336898343,policy_probabilities,0.02800347054706725,0.4678197688804525,0.23585832943039253,0.22298340628134322,0.24818963540297698,0.012410930348896758,0.011717015520578754,0.013041698851383902,,,28,200
reward_both,factor_1,rewarded,layer_1,False,0.015592540198170494,0.703678098310845,0.668345336898343,centered_log_policy,0.023814679164410484,0.5474239008892726,0.15625419742157243,0.14870726655155017,0.16296737694276187,0.00822213896623999,0.007874238340695104,0.008734203314417006,,,28,200
reward_both,factor_1,rewarded,layer_1,False,0.015592540198170494,0.703678098310845,0.668345336898343,expected_immediate_reward_all_actions,1.4491923027599176e-30,1.0,-0.29632190168915495,-0.3138622245882444,-0.2843913986607492,-0.015592540198170494,-0.01677992136892338,-0.014717180033752138,,,28,200
reward_both,factor_1,rewarded,layer_1,False,0.015592540198170494,0.703678098310845,0.668345336898343,suffix_0_belief,0.05266197972845157,-0.0007925444810750193,0.7044706427919202,0.6879697363227273,0.7165218416859096,0.03706943953028107,0.036216404381878516,0.03822499266316415,,,28,200
reward_both,factor_1,rewarded,layer_1,False,0.015592540198170494,0.703678098310845,0.668345336898343,suffix_1_belief,0.03054949691183775,0.41943487683777936,0.28424322147306563,0.2725314884527667,0.2939309990119791,0.014956956713667256,0.014397864702722047,0.015417788393483834,,,28,200
reward_both,factor_1,rewarded,layer_1,False,0.015592540198170494,0.703678098310845,0.668345336898343,suffix_2_belief,0.023006381780119208,0.5627848500995664,0.1408932482112787,0.1286272224888291,0.15134395931833292,0.007413841581948714,0.0068696481621018345,0.00785487343044883,,,28,200
reward_both,factor_1,rewarded,layer_1,False,0.015592540198170494,0.703678098310845,0.668345336898343,suffix_4_belief,0.01619493093676231,0.6922302157368174,0.011447882574027637,-0.0008136343171803273,0.02312527685801009,0.0006023907385918157,-4.228219084727921e-05,0.0012025571967180819,,,28,200
reward_both,factor_1,rewarded,layer_1,False,0.015592540198170494,0.703678098310845,0.668345336898343,suffix_8_belief,0.008651167785951699,0.8355925040061177,-0.13191440569527269,-0.14717232351527554,-0.11870186149074992,-0.006941372412218795,-0.007931017886012913,-0.006173550718184626,,,28,200
reward_both,factor_1,rewarded,layer_1,False,0.015592540198170494,0.703678098310845,0.668345336898343,suffix_16_belief,0.002763290572544969,0.9474862012879522,-0.24380810297710714,-0.26044195915428187,-0.231547963729351,-0.012829249625625525,-0.013908908158427487,-0.011968978884003936,,,28,200
reward_both,factor_1,rewarded,layer_1,False,0.015592540198170494,0.703678098310845,0.668345336898343,suffix_32_belief,0.00018484768544113912,0.9964871395566975,-0.29280904124585244,-0.31002411439071176,-0.28090516928471804,-0.015407692512729354,-0.016588496355225888,-0.014542087535267974,,,28,200
reward_both,factor_1,rewarded,layer_2,False,0.01677536234505721,0.6811996500611721,0.6588216815177437,train_mean,0.05266197972845156,-0.0007925444810750193,0.6819921945422471,0.6652285868970033,0.6949238805591813,0.035886617383394354,0.03502309734923917,0.036816533415785155,,,28,200
reward_both,factor_1,rewarded,layer_2,False,0.01677536234505721,0.6811996500611721,0.6588216815177437,ntp,0.020302612314149225,0.6141675048628551,0.06703214519831698,0.05089394640882491,0.08393410649573345,0.0035272499690920146,0.0026940748491000063,0.004365541569706274,,,28,200
reward_both,factor_1,rewarded,layer_2,False,0.01677536234505721,0.6811996500611721,0.6588216815177437,log_ntp,0.014854975067577584,0.7176948460209164,-0.03649519595974427,-0.05303702811783058,-0.021387230281689363,-0.001920387277479627,-0.00282171305741777,-0.0011178814540411767,,,28,200
reward_both,factor_1,rewarded,layer_2,False,0.01677536234505721,0.6811996500611721,0.6588216815177437,joint_ntp,0.019591218944820684,0.6276868822939438,0.05351276776722833,0.038817044845470494,0.06878913198023913,0.0028158565997634735,0.002087986852078878,0.0035704612696090456,,,28,200
reward_both,factor_1,rewarded,layer_2,False,0.01677536234505721,0.6811996500611721,0.6588216815177437,log_joint_ntp,0.015283869935132068,0.7095440930862935,-0.02834444302512142,-0.04323758830186562,-0.014552378910163566,-0.001491492409925143,-0.0022971873370649654,-0.0007515873105934812,,,28,200
reward_both,factor_1,rewarded,layer_2,False,0.01677536234505721,0.6811996500611721,0.6588216815177437,policy_probabilities,0.02800347054706725,0.4678197688804525,0.21337988118071957,0.201477429947505,0.22704931009360982,0.011228108202010041,0.010610828171921159,0.011850539388963546,,,28,200
reward_both,factor_1,rewarded,layer_2,False,0.01677536234505721,0.6811996500611721,0.6588216815177437,centered_log_policy,0.023814679164410484,0.5474239008892726,0.13377574917189947,0.12793461540033652,0.13952485330342823,0.007039316819353273,0.0066820258208450225,0.0074068170997858415,,,28,200
reward_both,factor_1,rewarded,layer_2,False,0.01677536234505721,0.6811996500611721,0.6588216815177437,expected_immediate_reward_all_actions,1.4491923027599176e-30,1.0,-0.3188003499388279,-0.3363917770337674,-0.3059576473289805,-0.01677536234505721,-0.01797447959915825,-0.015839663781793856,,,28,200
reward_both,factor_1,rewarded,layer_2,False,0.01677536234505721,0.6811996500611721,0.6588216815177437,suffix_0_belief,0.05266197972845157,-0.0007925444810750193,0.6819921945422471,0.6652285868970035,0.6949238805591815,0.035886617383394354,0.03502309734923917,0.036816533415785155,,,28,200
reward_both,factor_1,rewarded,layer_2,False,0.01677536234505721,0.6811996500611721,0.6588216815177437,suffix_1_belief,0.03054949691183775,0.41943487683777936,0.2617647732233927,0.24954063392582684,0.2718000167735314,0.01377413456678054,0.013196411373943657,0.014153024991714617,,,28,200
reward_both,factor_1,rewarded,layer_2,False,0.01677536234505721,0.6811996500611721,0.6588216815177437,suffix_2_belief,0.023006381780119208,0.5627848500995664,0.11841479996160573,0.10595701506973246,0.13006338964760128,0.006231019435061998,0.00567004955122294,0.0067090901067029755,,,28,200
reward_both,factor_1,rewarded,layer_2,False,0.01677536234505721,0.6811996500611721,0.6588216815177437,suffix_4_belief,0.01619493093676231,0.6922302157368174,-0.011030565675645318,-0.023839685990639067,0.003460510306092185,-0.0005804314082949007,-0.0012672650682480078,0.0001799470148966408,,,28,200
reward_both,factor_1,rewarded,layer_2,False,0.01677536234505721,0.6811996500611721,0.6588216815177437,suffix_8_belief,0.008651167785951699,0.8355925040061177,-0.15439285394494565,-0.17172552121948712,-0.1383712651998312,-0.008124194559105511,-0.009134628714932116,-0.0072015494155922965,,,28,200
reward_both,factor_1,rewarded,layer_2,False,0.01677536234505721,0.6811996500611721,0.6588216815177437,suffix_16_belief,0.002763290572544969,0.9474862012879522,-0.26628655122678013,-0.2841307332851835,-0.2526654497123518,-0.014012071772512241,-0.015174912957402536,-0.013069029175977664,,,28,200
reward_both,factor_1,rewarded,layer_2,False,0.01677536234505721,0.6811996500611721,0.6588216815177437,suffix_32_belief,0.00018484768544113912,0.9964871395566975,-0.31528748949552543,-0.3327542877216329,-0.3026438943866359,-0.01659051465961607,-0.017807972301557822,-0.015640896891674357,,,28,200
reward_both,factor_1,rewarded,layer_3,True,0.01765306816507988,0.6645196572949342,0.6424772282812734,train_mean,0.05266197972845156,-0.0007925444810750193,0.6653122017760092,0.6499615510562948,0.676813373583393,0.03500891156337168,0.03423850660879191,0.035832390120341104,,,28,200
reward_both,factor_1,rewarded,layer_3,True,0.01765306816507988,0.6645196572949342,0.6424772282812734,ntp,0.020302612314149225,0.6141675048628551,0.05035215243207911,0.03418287826743638,0.06928965247758048,0.002649544149069344,0.0018286221009040685,0.003577669454378467,,,28,200
reward_both,factor_1,rewarded,layer_3,True,0.01765306816507988,0.6645196572949342,0.6424772282812734,log_ntp,0.014854975067577584,0.7176948460209164,-0.053175188725982134,-0.07062211304044544,-0.036310149237622595,-0.0027980930975022977,-0.0037669590042849173,-0.0018964931674941132,,,28,200
reward_both,factor_1,rewarded,layer_3,True,0.01765306816507988,0.6645196572949342,0.6424772282812734,joint_ntp,0.019591218944820684,0.6276868822939438,0.03683277500099047,0.022242806094671573,0.05413571502852057,0.0019381507797408028,0.0011781357209189871,0.002810316172325279,,,28,200
reward_both,factor_1,rewarded,layer_3,True,0.01765306816507988,0.6645196572949342,0.6424772282812734,log_joint_ntp,0.015283869935132068,0.7095440930862935,-0.045024435791359285,-0.060580903709326346,-0.031255168797434174,-0.0023691982299478137,-0.003211589073632914,-0.001620873316366291,,,28,200
reward_both,factor_1,rewarded,layer_3,True,0.01765306816507988,0.6645196572949342,0.6424772282812734,policy_probabilities,0.02800347054706725,0.4678197688804525,0.19669988841448172,0.18494840812311852,0.21055835471158438,0.01035040238198737,0.009736772557210402,0.010962709042983246,,,28,200
reward_both,factor_1,rewarded,layer_3,True,0.01765306816507988,0.6645196572949342,0.6424772282812734,centered_log_policy,0.023814679164410484,0.5474239008892726,0.1170957564056616,0.1126279338248506,0.12187843873637542,0.006161610999330602,0.005911342897010633,0.006502437706367908,,,28,200
reward_both,factor_1,rewarded,layer_3,True,0.01765306816507988,0.6645196572949342,0.6424772282812734,expected_immediate_reward_all_actions,1.4491923027599176e-30,1.0,-0.33548034270506577,-0.35193805619953533,-0.32420108863516417,-0.01765306816507988,-0.018912141213237203,-0.01677000247485949,,,28,200
reward_both,factor_1,rewarded,layer_3,True,0.01765306816507988,0.6645196572949342,0.6424772282812734,suffix_0_belief,0.05266197972845157,-0.0007925444810750193,0.6653122017760094,0.6499615510562948,0.6768133735833931,0.035008911563371686,0.03423850660879191,0.03583239012034111,,,28,200
reward_both,factor_1,rewarded,layer_3,True,0.01765306816507988,0.6645196572949342,0.6424772282812734,suffix_1_belief,0.03054949691183775,0.41943487683777936,0.24508478045715482,0.23335396233944913,0.25493308562121514,0.012896428746757869,0.012366401779453947,0.013327126193793773,,,28,200
reward_both,factor_1,rewarded,layer_3,True,0.01765306816507988,0.6645196572949342,0.6424772282812734,suffix_2_belief,0.023006381780119208,0.5627848500995664,0.10173480719536786,0.08938867941907191,0.11331292469771345,0.005353313615039327,0.004774384812446811,0.005877638935261972,,,28,200
reward_both,factor_1,rewarded,layer_3,True,0.01765306816507988,0.6645196572949342,0.6424772282812734,suffix_4_belief,0.01619493093676231,0.6922302157368174,-0.027710558441883183,-0.040395510804202485,-0.014686117283623523,-0.0014581372283175714,-0.0021780472723898856,-0.0007555610771791776,,,28,200
reward_both,factor_1,rewarded,layer_3,True,0.01765306816507988,0.6645196572949342,0.6424772282812734,suffix_8_belief,0.008651167785951699,0.8355925040061177,-0.1710728467111835,-0.18693775001675414,-0.15579670728757064,-0.009001900379128182,-0.010046137261339022,-0.008073371821154827,,,28,200
reward_both,factor_1,rewarded,layer_3,True,0.01765306816507988,0.6645196572949342,0.6424772282812734,suffix_16_belief,0.002763290572544969,0.9474862012879522,-0.28296654399301796,-0.299634416260148,-0.2700199073011471,-0.014889777592534912,-0.016114689451759937,-0.013947798709029182,,,28,200
reward_both,factor_1,rewarded,layer_3,True,0.01765306816507988,0.6645196572949342,0.6424772282812734,suffix_32_belief,0.00018484768544113912,0.9964871395566975,-0.33196748226176326,-0.34836312449696405,-0.32050465607620865,-0.01746822047963874,-0.018714100829158652,-0.01660678979925062,,,28,200
reward_both,factor_2,rewarded,layer_1,False,0.006147724279745147,0.8420030200939332,0.6221259978815845,train_mean,0.03893852691895498,-0.0007230928451800178,0.8427261129391131,0.828320336609496,0.8528721113862615,0.03279080263920983,0.03212590898645296,0.03344363746817506,,,28,200
reward_both,factor_2,rewarded,layer_1,False,0.006147724279745147,0.8420030200939332,0.6221259978815845,ntp,0.008361866700409015,0.7850993920800072,0.05690362801392601,0.04774519360855516,0.06520059981406144,0.002214142420663867,0.0018858106419298469,0.0025022006811276126,,,28,200
reward_both,factor_2,rewarded,layer_1,False,0.006147724279745147,0.8420030200939332,0.6221259978815845,log_ntp,0.008247945151595078,0.7880271845182799,0.053975835575653275,0.04528285138302047,0.061875150283368,0.0021002208718499307,0.0017685898992507209,0.0023834751055448115,,,28,200
reward_both,factor_2,rewarded,layer_1,False,0.006147724279745147,0.8420030200939332,0.6221259978815845,joint_ntp,0.007859076953425734,0.7980211266823253,0.043981893411607936,0.03535734624711968,0.05153489792232859,0.0017113526736805863,0.001393036681597654,0.0019945579351239163,,,28,200
reward_both,factor_2,rewarded,layer_1,False,0.006147724279745147,0.8420030200939332,0.6221259978815845,log_joint_ntp,0.008006576102806228,0.7942303873647516,0.047772632729181565,0.0388460655700248,0.055611438123239265,0.001858851823061081,0.0015205678381929873,0.002147025313128816,,,28,200
reward_both,factor_2,rewarded,layer_1,False,0.006147724279745147,0.8420030200939332,0.6221259978815845,policy_probabilities,0.019329168822315182,0.5032388963698117,0.33876412372412157,0.3245236279618198,0.3513448116889252,0.013181444542570035,0.01276507619785708,0.013593160871147716,,,28,200
reward_both,factor_2,rewarded,layer_1,False,0.006147724279745147,0.8420030200939332,0.6221259978815845,centered_log_policy,0.012645010515813718,0.6750222714181573,0.16698074867577595,0.15608673223248487,0.1783961409299912,0.006497286236068571,0.006098771779627233,0.0069503079635165515,,,28,200
reward_both,factor_2,rewarded,layer_1,False,0.006147724279745147,0.8420030200939332,0.6221259978815845,expected_immediate_reward_all_actions,2.5101345869442454e-31,1.0,-0.1579969799060668,-0.17175581705643164,-0.14830103912487524,-0.006147724279745147,-0.0067238844106478094,-0.005692756921822665,,,28,200
reward_both,factor_2,rewarded,layer_1,False,0.006147724279745147,0.8420030200939332,0.6221259978815845,suffix_0_belief,0.03893852691895498,-0.0007230928451800178,0.8427261129391131,0.828320336609496,0.8528721113862613,0.03279080263920983,0.03212590898645296,0.03344363746817505,,,28,200
reward_both,factor_2,rewarded,layer_1,False,0.006147724279745147,0.8420030200939332,0.6221259978815845,suffix_1_belief,0.01715144487106489,0.5592065669597679,0.28279645313416524,0.2722412409366111,0.29297379211756924,0.011003720591319741,0.010680532862966509,0.011359846336604829,,,28,200
reward_both,factor_2,rewarded,layer_1,False,0.006147724279745147,0.8420030200939332,0.6221259978815845,suffix_2_belief,0.012501426085832197,0.6787124021504931,0.16329061794344016,0.1535353697058618,0.1717551362992993,0.006353701806087049,0.006054678574676533,0.006602770790088839,,,28,200
reward_both,factor_2,rewarded,layer_1,False,0.006147724279745147,0.8420030200939332,0.6221259978815845,suffix_4_belief,0.008109956897171249,0.7915734931146665,0.05042952697926664,0.04097002874152357,0.05809525396681336,0.001962232617426101,0.0016209955566011073,0.0022462376515360732,,,28,200
reward_both,factor_2,rewarded,layer_1,False,0.006147724279745147,0.8420030200939332,0.6221259978815845,suffix_8_belief,0.0047049731919890266,0.879081832390816,-0.03707881229688288,-0.04755786619255708,-0.029302227259143877,-0.0014427510877561209,-0.0018580128813226744,-0.001128349643113508,,,28,200
reward_both,factor_2,rewarded,layer_1,False,0.006147724279745147,0.8420030200939332,0.6221259978815845,suffix_16_belief,0.001949413858169677,0.9498999161051167,-0.10789689601118355,-0.12030311110564934,-0.09896884232294478,-0.004198310421575471,-0.004738660739471336,-0.003791489921636897,,,28,200
reward_both,factor_2,rewarded,layer_1,False,0.006147724279745147,0.8420030200939332,0.6221259978815845,suffix_32_belief,5.303814018295578e-05,0.9986369157777049,-0.1566338956837716,-0.16976719455507486,-0.1468573577857715,-0.006094686139562192,-0.006673494487053469,-0.005638487576733012,,,28,200
reward_both,factor_2,rewarded,layer_2,False,0.0064570459156628865,0.8340534306083369,0.645900029426669,train_mean,0.03893852691895498,-0.0007230928451800178,0.834776523453517,0.8214511572274685,0.8440438022997858,0.032481481003292095,0.031768054585030854,0.03310013071811945,,,28,200
reward_both,factor_2,rewarded,layer_2,False,0.0064570459156628865,0.8340534306083369,0.645900029426669,ntp,0.008361866700409015,0.7850993920800072,0.048954038528329774,0.03833403701513723,0.057119250132792836,0.001904820784746128,0.0014877374992551624,0.0021973673097954232,,,28,200
reward_both,factor_2,rewarded,layer_2,False,0.0064570459156628865,0.8340534306083369,0.645900029426669,log_ntp,0.008247945151595078,0.7880271845182799,0.04602624609005704,0.03519726109326647,0.05389620400797881,0.0017908992359321916,0.0013621857221098673,0.0020721030051129405,,,28,200
reward_both,factor_2,rewarded,layer_2,False,0.0064570459156628865,0.8340534306083369,0.645900029426669,joint_ntp,0.007859076953425734,0.7980211266823253,0.0360323039260117,0.025203978268734096,0.04416803632002827,0.0014020310377628473,0.000985660484399855,0.0016986087259952642,,,28,200
reward_both,factor_2,rewarded,layer_2,False,0.0064570459156628865,0.8340534306083369,0.645900029426669,log_joint_ntp,0.008006576102806228,0.7942303873647516,0.039823043243585335,0.029734038741645073,0.048207672825931684,0.001549530187143342,0.0011836007603098816,0.001880799869083489,,,28,200
reward_both,factor_2,rewarded,layer_2,False,0.0064570459156628865,0.8340534306083369,0.645900029426669,policy_probabilities,0.019329168822315182,0.5032388963698117,0.3308145342385253,0.31779710068107747,0.34357345141675616,0.012872122906652295,0.012428006597260188,0.0132718429027632,,,28,200
reward_both,factor_2,rewarded,layer_2,False,0.0064570459156628865,0.8340534306083369,0.645900029426669,centered_log_policy,0.012645010515813718,0.6750222714181573,0.1590311591901797,0.15035746109711787,0.16823594545894915,0.006187964600150832,0.005881080168150491,0.006527381199781344,,,28,200
reward_both,factor_2,rewarded,layer_2,False,0.0064570459156628865,0.8340534306083369,0.645900029426669,expected_immediate_reward_all_actions,2.5101345869442454e-31,1.0,-0.16594656939166302,-0.17900824098709106,-0.15649981162634546,-0.0064570459156628865,-0.006992980077841542,-0.005987535988460514,,,28,200
reward_both,factor_2,rewarded,layer_2,False,0.0064570459156628865,0.8340534306083369,0.645900029426669,suffix_0_belief,0.03893852691895498,-0.0007230928451800178,0.834776523453517,0.8214511572274685,0.8440438022997856,0.032481481003292095,0.031768054585030854,0.03310013071811945,,,28,200
reward_both,factor_2,rewarded,layer_2,False,0.0064570459156628865,0.8340534306083369,0.645900029426669,suffix_1_belief,0.01715144487106489,0.5592065669597679,0.274846863648569,0.2645588926992016,0.2853094580349297,0.010694398955402001,0.010411409765948166,0.011034798526070842,,,28,200
reward_both,factor_2,rewarded,layer_2,False,0.0064570459156628865,0.8340534306083369,0.645900029426669,suffix_2_belief,0.012501426085832197,0.6787124021504931,0.15534102845784392,0.14515445917396366,0.164572596901711,0.00604438017016931,0.005743726771386226,0.006321815059086034,,,28,200
reward_both,factor_2,rewarded,layer_2,False,0.0064570459156628865,0.8340534306083369,0.645900029426669,suffix_4_belief,0.008109956897171249,0.7915734931146665,0.042479937493670406,0.03280464069431798,0.05113782498774426,0.001652910981508362,0.0012965058604182324,0.0019787753616952704,,,28,200
reward_both,factor_2,rewarded,layer_2,False,0.0064570459156628865,0.8340534306083369,0.645900029426669,suffix_8_belief,0.0047049731919890266,0.879081832390816,-0.04502840178247912,-0.05547055938131283,-0.03608094778335549,-0.00175207272367386,-0.0021671285291912233,-0.0013848550481446143,,,28,200
reward_both,factor_2,rewarded,layer_2,False,0.0064570459156628865,0.8340534306083369,0.645900029426669,suffix_16_belief,0.001949413858169677,0.9498999161051167,-0.11584648549677976,-0.1283078033685119,-0.10647050545131684,-0.004507632057493209,-0.005004138789851335,-0.004102531285766095,,,28,200
reward_both,factor_2,rewarded,layer_2,False,0.0064570459156628865,0.8340534306083369,0.645900029426669,suffix_32_belief,5.303814018295578e-05,0.9986369157777049,-0.16458348516936783,-0.17745261086788683,-0.1547190204983211,-0.006404007775479931,-0.006932290516880139,-0.005945040630805674,,,28,200
reward_both,factor_2,rewarded,layer_3,True,0.006232537103674965,0.8398233240912407,0.6966697431184443,train_mean,0.03893852691895498,-0.0007230928451800178,0.8405464169364206,0.82760685131184,0.8508905725717906,0.032705989815280015,0.03203222716571202,0.03329684783936707,,,28,200
reward_both,factor_2,rewarded,layer_3,True,0.006232537103674965,0.8398233240912407,0.6966697431184443,ntp,0.008361866700409015,0.7850993920800072,0.0547239320112335,0.03910237223122198,0.06530829605926051,0.0021293295967340494,0.0015636056641010704,0.0025576788997640166,,,28,200
reward_both,factor_2,rewarded,layer_3,True,0.006232537103674965,0.8398233240912407,0.6966697431184443,log_ntp,0.008247945151595078,0.7880271845182799,0.05179613957296077,0.0367901813458124,0.06264087978390674,0.002015408047920113,0.0014639147583411216,0.0024346593545713736,,,28,200
reward_both,factor_2,rewarded,layer_3,True,0.006232537103674965,0.8398233240912407,0.6966697431184443,joint_ntp,0.007859076953425734,0.7980211266823253,0.04180219740891543,0.026571148442130856,0.052522049556874006,0.0016265398497507686,0.0010511309448302108,0.0020195070161155575,,,28,200
reward_both,factor_2,rewarded,layer_3,True,0.006232537103674965,0.8398233240912407,0.6966697431184443,log_joint_ntp,0.008006576102806228,0.7942303873647516,0.04559293672648906,0.03161424380881083,0.056651026507985335,0.0017740389991312633,0.0012369930980760601,0.002185777907931939,,,28,200
reward_both,factor_2,rewarded,layer_3,True,0.006232537103674965,0.8398233240912407,0.6966697431184443,policy_probabilities,0.019329168822315182,0.5032388963698117,0.3365844277214291,0.32233900839872176,0.34802473837278514,0.013096631718640218,0.012726794953695077,0.013476527795833635,,,28,200
reward_both,factor_2,rewarded,layer_3,True,0.006232537103674965,0.8398233240912407,0.6966697431184443,centered_log_policy,0.012645010515813718,0.6750222714181573,0.16480105267308345,0.15757877983028115,0.17146800914650764,0.006412473412138753,0.006120115738110783,0.0066873080954366875,,,28,200
reward_both,factor_2,rewarded,layer_3,True,0.006232537103674965,0.8398233240912407,0.6966697431184443,expected_immediate_reward_all_actions,2.5101345869442454e-31,1.0,-0.16017667590875928,-0.17295981531866336,-0.15037082234500995,-0.006232537103674965,-0.006748507304204033,-0.005775447727621049,,,28,200
reward_both,factor_2,rewarded,layer_3,True,0.006232537103674965,0.8398233240912407,0.6966697431184443,suffix_0_belief,0.03893852691895498,-0.0007230928451800178,0.8405464169364206,0.8276068513118399,0.8508905725717906,0.032705989815280015,0.032032227165712,0.033296847839367066,,,28,200
reward_both,factor_2,rewarded,layer_3,True,0.006232537103674965,0.8398233240912407,0.6966697431184443,suffix_1_belief,0.01715144487106489,0.5592065669597679,0.28061675713147277,0.26933128159136904,0.2928517777094707,0.010918907767389924,0.010625150178873648,0.01127019260807795,,,28,200
reward_both,factor_2,rewarded,layer_3,True,0.006232537103674965,0.8398233240912407,0.6966697431184443,suffix_2_belief,0.012501426085832197,0.6787124021504931,0.16111092194074766,0.14993993817660015,0.1714646594064618,0.006268888982157232,0.005890511256037648,0.006590396970597953,,,28,200
reward_both,factor_2,rewarded,layer_3,True,0.006232537103674965,0.8398233240912407,0.6966697431184443,suffix_4_belief,0.008109956897171249,0.7915734931146665,0.048249830976574135,0.035982184008844,0.058554252167742814,0.0018774197934962834,0.0013901122987669907,0.0022637994583265195,,,28,200
reward_both,factor_2,rewarded,layer_3,True,0.006232537103674965,0.8398233240912407,0.6966697431184443,suffix_8_belief,0.0047049731919890266,0.879081832390816,-0.03925850829957539,-0.05169534137630328,-0.03000440993367159,-0.0015275639116859386,-0.0019987828945654965,-0.0011518803333960446,,,28,200
reward_both,factor_2,rewarded,layer_3,True,0.006232537103674965,0.8398233240912407,0.6966697431184443,suffix_16_belief,0.001949413858169677,0.9498999161051167,-0.11007659201387603,-0.1223921505140175,-0.1006727115106634,-0.004283123245505288,-0.00476812332807444,-0.0038975498417270164,,,28,200
reward_both,factor_2,rewarded,layer_3,True,0.006232537103674965,0.8398233240912407,0.6966697431184443,suffix_32_belief,5.303814018295578e-05,0.9986369157777049,-0.1588135916864641,-0.1715179744801436,-0.14888592729656697,-0.0061794989634920095,-0.006684220772990489,-0.005726651966900112,,,28,200
reward_factor_1,factor_1,rewarded,layer_1,False,0.011568162784651064,0.6715472300894623,0.2726168602190475,train_mean,0.03524864463765032,-0.0008084414397946382,0.672355671529257,0.6449479935632036,0.6968977411576434,0.02368048185299925,0.022959232946588408,0.024429086123544958,,,28,200
reward_factor_1,factor_1,rewarded,layer_1,False,0.011568162784651064,0.6715472300894623,0.2726168602190475,ntp,0.01121662995540579,0.6815282386237904,-0.009981008534328062,-0.021084707742715685,-8.201340401653147e-05,-0.00035153282924527476,-0.0007498988185749459,-2.8128379587213216e-06,,,28,200
reward_factor_1,factor_1,rewarded,layer_1,False,0.011568162784651064,0.6715472300894623,0.2726168602190475,log_ntp,0.011140214484185909,0.6836978893845396,-0.012150659295077262,-0.022917270206295734,-0.00256646057146161,-0.0004279483004651554,-0.0008131030432340954,-9.145451269894586e-05,,,28,200
reward_factor_1,factor_1,rewarded,layer_1,False,0.011568162784651064,0.6715472300894623,0.2726168602190475,joint_ntp,0.01121660824521466,0.6815288550373511,-0.009981624947888661,-0.021093517686539307,-7.777796870027395e-05,-0.000351554539436404,-0.0007502802430421801,-2.6670118995105962e-06,,,28,200
reward_factor_1,factor_1,rewarded,layer_1,False,0.011568162784651064,0.6715472300894623,0.2726168602190475,log_joint_ntp,0.011969147746547547,0.6601621360274976,0.011385094061964638,0.0002282031347410196,0.02191180720979511,0.00040098496189648267,8.15873762857933e-06,0.0007630705228940722,,,28,200
reward_factor_1,factor_1,rewarded,layer_1,False,0.011568162784651064,0.6715472300894623,0.2726168602190475,policy_probabilities,0.013310534959390155,0.6220763696199479,0.04947086046951436,0.034266370243002074,0.06517741610443467,0.0017423721747390902,0.0012303032187558044,0.002284314755368452,,,28,200
reward_factor_1,factor_1,rewarded,layer_1,False,0.011568162784651064,0.6715472300894623,0.2726168602190475,centered_log_policy,0.017190802445516948,0.5119046312430328,0.1596425988464296,0.1454739827904291,0.1758823898714615,0.005622639660865883,0.005181052442713293,0.006152280032967658,,,28,200
reward_factor_1,factor_1,rewarded,layer_1,False,0.011568162784651064,0.6715472300894623,0.2726168602190475,expected_immediate_reward_all_actions,5.517627794249079e-31,1.0,-0.3284527699105377,-0.35694762351381987,-0.30336950443344646,-0.011568162784651064,-0.012803706439069659,-0.010538554055428312,,,28,200
reward_factor_1,factor_1,rewarded,layer_1,False,0.011568162784651064,0.6715472300894623,0.2726168602190475,suffix_0_belief,0.035248644637650324,-0.0008084414397948603,0.6723556715292572,0.6449479935632041,0.6968977411576436,0.023680481852999258,0.02295923294658842,0.02442908612354497,,,28,200
reward_factor_1,factor_1,rewarded,layer_1,False,0.011568162784651064,0.6715472300894623,0.2726168602190475,suffix_1_belief,0.01661665925470294,0.5282061758235037,0.14334105426595858,0.12704122197007164,0.1590645106502246,0.005048496470051877,0.004582600319134564,0.005537210388921088,,,28,200
reward_factor_1,factor_1,rewarded,layer_1,False,0.011568162784651064,0.6715472300894623,0.2726168602190475,suffix_2_belief,0.013295791388268417,0.6224949811889114,0.04905224890055088,0.035037719662594974,0.060991699515717764,0.0017276286036173524,0.001272178450699062,0.0021330433264937112,,,28,200
reward_factor_1,factor_1,rewarded,layer_1,False,0.011568162784651064,0.6715472300894623,0.2726168602190475,suffix_4_belief,0.009653845388069638,0.7259001003852847,-0.05435287029582237,-0.06901021249707308,-0.043076545822041186,-0.0019143173965814261,-0.0024802209193215932,-0.001504101213606932,,,28,200
reward_factor_1,factor_1,rewarded,layer_1,False,0.011568162784651064,0.6715472300894623,0.2726168602190475,suffix_8_belief,0.006095188699676538,0.8269404010987425,-0.15539317100928018,-0.17297561307312512,-0.140976076272664,-0.005472974084974527,-0.006199233102661718,-0.0049189071117964655,,,28,200
reward_factor_1,factor_1,rewarded,layer_1,False,0.011568162784651064,0.6715472300894623,0.2726168602190475,suffix_16_belief,0.002472554976887673,0.9297971902684167,-0.25824996017895435,-0.2828992987290047,-0.23780762030395405,-0.009095607807763391,-0.01013923490683392,-0.008220188956365511,,,28,200
reward_factor_1,factor_1,rewarded,layer_1,False,0.011568162784651064,0.6715472300894623,0.2726168602190475,suffix_32_belief,5.935131845369401e-05,0.9983148486663912,-0.3267676185769289,-0.3551238210054847,-0.3018426994180746,-0.01150881146619737,-0.0127383652340073,-0.010485970558925398,,,28,200
reward_factor_1,factor_1,rewarded,layer_2,False,0.008771011618973333,0.7509662411570052,0.4923945192623391,train_mean,0.03524864463765032,-0.0008084414397946382,0.7517746825967999,0.7232025239948068,0.7729185020535188,0.026477633018676984,0.02559559076140939,0.027342533377246864,,,28,200
reward_factor_1,factor_1,rewarded,layer_2,False,0.008771011618973333,0.7509662411570052,0.4923945192623391,ntp,0.01121662995540579,0.6815282386237904,0.06943800253321479,0.05838224448452161,0.08084889893246384,0.0024456183364324566,0.0020625765780918808,0.0028879190837216994,,,28,200
reward_factor_1,factor_1,rewarded,layer_2,False,0.008771011618973333,0.7509662411570052,0.4923945192623391,log_ntp,0.011140214484185909,0.6836978893845396,0.06726835177246558,0.05589313595678243,0.07874742524755036,0.002369202865212576,0.001987336786896644,0.0028171737781369642,,,28,200
reward_factor_1,factor_1,rewarded,layer_2,False,0.008771011618973333,0.7509662411570052,0.4923945192623391,joint_ntp,0.01121660824521466,0.6815288550373511,0.06943738611965418,0.058374689067379415,0.08085197786665986,0.0024455966262413274,0.0020626525546995223,0.002888029049732377,,,28,200
reward_factor_1,factor_1,rewarded,layer_2,False,0.008771011618973333,0.7509662411570052,0.4923945192623391,log_joint_ntp,0.011969147746547547,0.6601621360274976,0.09080410512950748,0.08006572286116001,0.10175942156794734,0.003198136127574214,0.0028254014351261456,0.0036283112153073743,,,28,200
reward_factor_1,factor_1,rewarded,layer_2,False,0.008771011618973333,0.7509662411570052,0.4923945192623391,policy_probabilities,0.013310534959390155,0.6220763696199479,0.12888987153705722,0.11503224168591056,0.13896388961993017,0.004539523340416822,0.004083978238785297,0.004913132185543966,,,28,200
reward_factor_1,factor_1,rewarded,layer_2,False,0.008771011618973333,0.7509662411570052,0.4923945192623391,centered_log_policy,0.017190802445516948,0.5119046312430328,0.23906160991397243,0.22766542118984923,0.248837362308997,0.008419790826543615,0.007990134094177186,0.008808918349421001,,,28,200
reward_factor_1,factor_1,rewarded,layer_2,False,0.008771011618973333,0.7509662411570052,0.4923945192623391,expected_immediate_reward_all_actions,5.517627794249079e-31,1.0,-0.24903375884299483,-0.2790480400917791,-0.22728372647281558,-0.008771011618973333,-0.009947634178981873,-0.007872592711745655,,,28,200
reward_factor_1,factor_1,rewarded,layer_2,False,0.008771011618973333,0.7509662411570052,0.4923945192623391,suffix_0_belief,0.035248644637650324,-0.0008084414397948603,0.7517746825968,0.7232025239948071,0.772918502053519,0.02647763301867699,0.025595590761409406,0.027342533377246875,,,28,200
reward_factor_1,factor_1,rewarded,layer_2,False,0.008771011618973333,0.7509662411570052,0.4923945192623391,suffix_1_belief,0.01661665925470294,0.5282061758235037,0.22276006533350143,0.20904609053891565,0.2340775479745006,0.007845647635729609,0.007389576222271526,0.008225782024888073,,,28,200
reward_factor_1,factor_1,rewarded,layer_2,False,0.008771011618973333,0.7509662411570052,0.4923945192623391,suffix_2_belief,0.013295791388268417,0.6224949811889114,0.12847125996809372,0.11452190549622111,0.1383968604305754,0.004524779769295084,0.004109186735827888,0.004829699911943001,,,28,200
reward_factor_1,factor_1,rewarded,layer_2,False,0.008771011618973333,0.7509662411570052,0.4923945192623391,suffix_4_belief,0.009653845388069638,0.7259001003852847,0.025066140771720473,0.010927928923788823,0.03581368396541359,0.0008828337690963053,0.0003940911149661329,0.0012593622248842406,,,28,200
reward_factor_1,factor_1,rewarded,layer_2,False,0.008771011618973333,0.7509662411570052,0.4923945192623391,suffix_8_belief,0.006095188699676538,0.8269404010987425,-0.07597415994173734,-0.09165402805493458,-0.06296879356113447,-0.0026758229192967954,-0.0032452654852611553,-0.002165455695918745,,,28,200
reward_factor_1,factor_1,rewarded,layer_2,False,0.008771011618973333,0.7509662411570052,0.4923945192623391,suffix_16_belief,0.002472554976887673,0.9297971902684167,-0.1788309491114115,-0.20518436320465822,-0.16009192764980565,-0.00629845664208566,-0.007297703341306269,-0.005542179158275759,,,28,200
reward_factor_1,factor_1,rewarded,layer_2,False,0.008771011618973333,0.7509662411570052,0.4923945192623391,suffix_32_belief,5.935131845369401e-05,0.9983148486663912,-0.24734860750938603,-0.27723014572786026,-0.22551176219695088,-0.008711660300519638,-0.009882806401382203,-0.007811587540522639,,,28,200
reward_factor_1,factor_1,rewarded,layer_3,True,0.0063535798050851815,0.819603948814001,0.6907071275740311,train_mean,0.03524864463765032,-0.0008084414397946382,0.8204123902537958,0.7989824570346514,0.8412117598938422,0.028895064832565136,0.028196017326373474,0.02972077611977259,,,28,200
reward_factor_1,factor_1,rewarded,layer_3,True,0.0063535798050851815,0.819603948814001,0.6907071275740311,ntp,0.01121662995540579,0.6815282386237904,0.13807571019021064,0.1255479535703882,0.15077398796217453,0.004863050150320608,0.004445966671213962,0.005371591428392308,,,28,200
reward_factor_1,factor_1,rewarded,layer_3,True,0.0063535798050851815,0.819603948814001,0.6907071275740311,log_ntp,0.011140214484185909,0.6836978893845396,0.13590605942946143,0.12391547742955061,0.14868467867745366,0.004786634679100728,0.004355627102393014,0.005290762907065801,,,28,200
reward_factor_1,factor_1,rewarded,layer_3,True,0.0063535798050851815,0.819603948814001,0.6907071275740311,joint_ntp,0.01121660824521466,0.6815288550373511,0.13807509377665003,0.1255512367502482,0.15077960840274193,0.004863028440129479,0.0044463116943058685,0.005371918354587847,,,28,200
reward_factor_1,factor_1,rewarded,layer_3,True,0.0063535798050851815,0.819603948814001,0.6907071275740311,log_joint_ntp,0.011969147746547547,0.6601621360274976,0.15944181278650332,0.14688251562785623,0.17249455267885289,0.005615567941462366,0.005196532041065897,0.006108017856444384,,,28,200
reward_factor_1,factor_1,rewarded,layer_3,True,0.0063535798050851815,0.819603948814001,0.6907071275740311,policy_probabilities,0.013310534959390155,0.6220763696199479,0.19752757919405306,0.18850655219069481,0.20544828992857544,0.006956955154304973,0.006690171927708084,0.0072037262955903705,,,28,200
reward_factor_1,factor_1,rewarded,layer_3,True,0.0063535798050851815,0.819603948814001,0.6907071275740311,centered_log_policy,0.017190802445516948,0.5119046312430328,0.3076993175709683,0.2979753623677393,0.3161985216322534,0.010837222640431767,0.010485067747131744,0.011207963654397584,,,28,200
reward_factor_1,factor_1,rewarded,layer_3,True,0.0063535798050851815,0.819603948814001,0.6907071275740311,expected_immediate_reward_all_actions,5.517627794249079e-31,1.0,-0.180396051185999,-0.20248288587985702,-0.1596199767069563,-0.0063535798050851815,-0.007244580153742056,-0.005512119627016252,,,28,200
reward_factor_1,factor_1,rewarded,layer_3,True,0.0063535798050851815,0.819603948814001,0.6907071275740311,suffix_0_belief,0.035248644637650324,-0.0008084414397948603,0.820412390253796,0.7989824570346515,0.8412117598938424,0.028895064832565143,0.028196017326373484,0.0297207761197726,,,28,200
reward_factor_1,factor_1,rewarded,layer_3,True,0.0063535798050851815,0.819603948814001,0.6907071275740311,suffix_1_belief,0.01661665925470294,0.5282061758235037,0.2913977729904973,0.2784574781655218,0.30201887458774246,0.010263079449617761,0.009930868945702628,0.010533833178335287,,,28,200
reward_factor_1,factor_1,rewarded,layer_3,True,0.0063535798050851815,0.819603948814001,0.6907071275740311,suffix_2_belief,0.013295791388268417,0.6224949811889114,0.1971089676250896,0.18564047567411635,0.20753531389871285,0.006942211583183235,0.006565725612374119,0.007287049746389501,,,28,200
reward_factor_1,factor_1,rewarded,layer_3,True,0.0063535798050851815,0.819603948814001,0.6907071275740311,suffix_4_belief,0.009653845388069638,0.7259001003852847,0.09370384842871632,0.08166022916904497,0.10706324411916393,0.003300265582984457,0.0028799039543720368,0.0037273984660326797,,,28,200
reward_factor_1,factor_1,rewarded,layer_3,True,0.0063535798050851815,0.819603948814001,0.6907071275740311,suffix_8_belief,0.006095188699676538,0.8269404010987425,-0.007336452284741489,-0.020712785679724788,0.00676025493682877,-0.0002583911054086438,-0.0007559659906421003,0.00023270518372919903,,,28,200
reward_factor_1,factor_1,rewarded,layer_3,True,0.0063535798050851815,0.819603948814001,0.6907071275740311,suffix_16_belief,0.002472554976887673,0.9297971902684167,-0.11019324145441567,-0.12882778890850172,-0.09348328011033151,-0.0038810248281975087,-0.0046053349580660015,-0.0031940503263415024,,,28,200
reward_factor_1,factor_1,rewarded,layer_3,True,0.0063535798050851815,0.819603948814001,0.6907071275740311,suffix_32_belief,5.935131845369401e-05,0.9983148486663912,-0.1787108998523902,-0.2006970163687644,-0.15792392988434173,-0.0062942284866314875,-0.007179360249426494,-0.005453550445582128,,,28,200
reward_factor_1,factor_2,unrewarded,layer_1,False,0.08439708035819118,0.2587013805498831,0.34858862059692064,train_mean,0.11385078403452902,-4.131303086740701e-06,0.2587055118529697,0.25197885524570535,0.26479464268779235,0.02945370367633783,0.0283488719702615,0.03050480121671246,,,28,200
reward_factor_1,factor_2,unrewarded,layer_1,False,0.08439708035819118,0.2587013805498831,0.34858862059692064,ntp,0.05854779515103614,0.48574761670533306,-0.22704623615544997,-0.2350609845403258,-0.22035820356832775,-0.025849285207155043,-0.026744090131588197,-0.0251859680438517,,,28,200
reward_factor_1,factor_2,unrewarded,layer_1,False,0.08439708035819118,0.2587013805498831,0.34858862059692064,log_ntp,0.04992088058382616,0.5615218002629303,-0.3028204197130472,-0.312595969672207,-0.2956700858043324,-0.03447619977436502,-0.035538284686136984,-0.03357691020530168,,,28,200
reward_factor_1,factor_2,unrewarded,layer_1,False,0.08439708035819118,0.2587013805498831,0.34858862059692064,joint_ntp,0.05854989722729403,0.48572915319662713,-0.227027772646744,-0.23497692559149833,-0.2203516696813993,-0.025847183130897157,-0.026730993536418467,-0.0251853042144969,,,28,200
reward_factor_1,factor_2,unrewarded,layer_1,False,0.08439708035819118,0.2587013805498831,0.34858862059692064,log_joint_ntp,0.05320259136859355,0.532697015520877,-0.273995634970994,-0.283039829896604,-0.26635653245710167,-0.031194488989597632,-0.03224206519517747,-0.030383342078969637,,,28,200
reward_factor_1,factor_2,unrewarded,layer_1,False,0.08439708035819118,0.2587013805498831,0.34858862059692064,policy_probabilities,0.11324500846125751,0.00531667593641616,0.25338470461346685,0.2468823309577864,0.2592076041927962,0.028847928103066328,0.027698027844234217,0.029848728947410155,,,28,200
reward_factor_1,factor_2,unrewarded,layer_1,False,0.08439708035819118,0.2587013805498831,0.34858862059692064,centered_log_policy,0.11318352865322445,0.005856681545917675,0.25284469900396545,0.2460932098374677,0.258990777366155,0.028786448295033268,0.02767908648758962,0.02988884083719726,,,28,200
reward_factor_1,factor_2,unrewarded,layer_1,False,0.08439708035819118,0.2587013805498831,0.34858862059692064,expected_immediate_reward_all_actions,0.1138572947597283,-6.131801596076514e-05,0.2587626985658438,0.2521057052278974,0.26487655106186375,0.02946021440153712,0.028361989135482275,0.030521167487557805,,,28,200
reward_factor_1,factor_2,unrewarded,layer_1,False,0.08439708035819118,0.2587013805498831,0.34858862059692064,suffix_0_belief,0.11385078403452903,-4.131303086740701e-06,0.25870551185296986,0.25197885524570535,0.26479464268779235,0.029453703676337845,0.0283488719702615,0.03050480121671246,,,28,200
reward_factor_1,factor_2,unrewarded,layer_1,False,0.08439708035819118,0.2587013805498831,0.34858862059692064,suffix_1_belief,0.0855672186639719,0.24842351421896847,0.010277866330914605,0.00471641748130121,0.014335373625866685,0.0011701383057807213,0.0005458375463386943,0.0016375275889509793,,,28,200
reward_factor_1,factor_2,unrewarded,layer_1,False,0.08439708035819118,0.2587013805498831,0.34858862059692064,suffix_2_belief,0.06381758539809315,0.43946060987576674,-0.18075922932588365,-0.18719716993570998,-0.17655840825316524,-0.020579494960098033,-0.021460816583614924,-0.019806068317318168,,,28,200
reward_factor_1,factor_2,unrewarded,layer_1,False,0.08439708035819118,0.2587013805498831,0.34858862059692064,suffix_4_belief,0.03498855987095955,0.6926792844158767,-0.4339779038659936,-0.4412998048300297,-0.42869449859215525,-0.049408520487231634,-0.05095676307125169,-0.048072896835615476,,,28,200
reward_factor_1,factor_2,unrewarded,layer_1,False,0.08439708035819118,0.2587013805498831,0.34858862059692064,suffix_8_belief,0.010828267060035835,0.9048903186155932,-0.6461889380657101,-0.6525296996892239,-0.6411702071295753,-0.07356881329815534,-0.07557372529482018,-0.0719133935568142,,,28,200
reward_factor_1,factor_2,unrewarded,layer_1,False,0.08439708035819118,0.2587013805498831,0.34858862059692064,suffix_16_belief,0.000927296309365926,0.9918551273215054,-0.7331537467716223,-0.7399578228293394,-0.7271990274104077,-0.08346978404882525,-0.08511230963046013,-0.08189414155338433,,,28,200
reward_factor_1,factor_2,unrewarded,layer_1,False,0.08439708035819118,0.2587013805498831,0.34858862059692064,suffix_32_belief,8.582480712448348e-06,0.9999246160995547,-0.7412232355496716,-0.747949724646024,-0.7351390372559028,-0.08438849787747874,-0.08591209326560086,-0.08293097420759608,,,28,200
reward_factor_1,factor_2,unrewarded,layer_2,False,0.0862862991070202,0.24210749786576125,0.32673986047897363,train_mean,0.11385078403452902,-4.131303086740701e-06,0.24211162916884793,0.23721429800570626,0.24630081886761132,0.02756448492750882,0.026659149715373094,0.02839799374282335,,,28,200
reward_factor_1,factor_2,unrewarded,layer_2,False,0.0862862991070202,0.24210749786576125,0.32673986047897363,ntp,0.05854779515103614,0.48574761670533306,-0.24364011883957173,-0.24949649967930965,-0.23863085519789204,-0.027738503955984053,-0.02843067444252851,-0.027185583259560463,,,28,200
reward_factor_1,factor_2,unrewarded,layer_2,False,0.0862862991070202,0.24210749786576125,0.32673986047897363,log_ntp,0.04992088058382616,0.5615218002629303,-0.31941430239716895,-0.3277268367923281,-0.312151478656242,-0.03636541852319403,-0.03732431962106571,-0.03546931848134413,,,28,200
reward_factor_1,factor_2,unrewarded,layer_2,False,0.0862862991070202,0.24210749786576125,0.32673986047897363,joint_ntp,0.05854989722729403,0.48572915319662713,-0.2436216553308658,-0.24939474400837527,-0.2386670657563558,-0.027736401879726168,-0.028427446140609228,-0.027191193909800997,,,28,200
reward_factor_1,factor_2,unrewarded,layer_2,False,0.0862862991070202,0.24210749786576125,0.32673986047897363,log_joint_ntp,0.05320259136859355,0.532697015520877,-0.29058951765511576,-0.2979284000925491,-0.28411538938052244,-0.03308370773842664,-0.03389197258189,-0.03232370669421382,,,28,200
reward_factor_1,factor_2,unrewarded,layer_2,False,0.0862862991070202,0.24210749786576125,0.32673986047897363,policy_probabilities,0.11324500846125751,0.00531667593641616,0.23679082192934509,0.23182916645470636,0.24098851309200736,0.026958709354237317,0.02597944740117471,0.02776151543902599,,,28,200
reward_factor_1,factor_2,unrewarded,layer_2,False,0.0862862991070202,0.24210749786576125,0.32673986047897363,centered_log_policy,0.11318352865322445,0.005856681545917675,0.23625081631984365,0.23078231715371048,0.2409661358602443,0.026897229546204257,0.02591993793770496,0.02780082722446097,,,28,200
reward_factor_1,factor_2,unrewarded,layer_2,False,0.0862862991070202,0.24210749786576125,0.32673986047897363,expected_immediate_reward_all_actions,0.1138572947597283,-6.131801596076514e-05,0.242168815881722,0.2373121656726961,0.24638572886272142,0.02757099565270811,0.02665857112393218,0.028406260703809662,,,28,200
reward_factor_1,factor_2,unrewarded,layer_2,False,0.0862862991070202,0.24210749786576125,0.32673986047897363,suffix_0_belief,0.11385078403452903,-4.131303086740701e-06,0.24211162916884807,0.23721429800570626,0.24630081886761132,0.027564484927508834,0.026659149715373094,0.02839799374282335,,,28,200
reward_factor_1,factor_2,unrewarded,layer_2,False,0.0862862991070202,0.24210749786576125,0.32673986047897363,suffix_1_belief,0.0855672186639719,0.24842351421896847,-0.0063160163532071725,-0.009830021592372893,-0.002734357028399664,-0.0007190804430482894,-0.0011249179471564986,-0.00031047197786275826,,,28,200
reward_factor_1,factor_2,unrewarded,layer_2,False,0.0862862991070202,0.24210749786576125,0.32673986047897363,suffix_2_belief,0.06381758539809315,0.43946060987576674,-0.19735311201000544,-0.2024623138242196,-0.19198178513265943,-0.022468713708927043,-0.023429939402529423,-0.02153821151453565,,,28,200
reward_factor_1,factor_2,unrewarded,layer_2,False,0.0862862991070202,0.24210749786576125,0.32673986047897363,suffix_4_belief,0.03498855987095955,0.6926792844158767,-0.45057178655011537,-0.45752995340113256,-0.44399233923631143,-0.051297739236060645,-0.05290005781614649,-0.04971045306020913,,,28,200
reward_factor_1,factor_2,unrewarded,layer_2,False,0.0862862991070202,0.24210749786576125,0.32673986047897363,suffix_8_belief,0.010828267060035835,0.9048903186155932,-0.6627828207498319,-0.667731664781386,-0.6580654869344605,-0.07545803204698436,-0.07749978510561871,-0.07361940639779513,,,28,200
reward_factor_1,factor_2,unrewarded,layer_2,False,0.0862862991070202,0.24210749786576125,0.32673986047897363,suffix_16_belief,0.000927296309365926,0.9918551273215054,-0.749747629455744,-0.7545540753317137,-0.7456988123021796,-0.08535900279765427,-0.08722716963311473,-0.08379765531158455,,,28,200
reward_factor_1,factor_2,unrewarded,layer_2,False,0.0862862991070202,0.24210749786576125,0.32673986047897363,suffix_32_belief,8.582480712448348e-06,0.9999246160995547,-0.7578171182337934,-0.7627016098246451,-0.7536413462941329,-0.08627771662630775,-0.08804221696487867,-0.08478794964733784,,,28,200
reward_factor_1,factor_2,unrewarded,layer_3,True,0.08778736975612612,0.22892289959344303,0.3158213091018428,train_mean,0.11385078403452902,-4.131303086740701e-06,0.22892703089652966,0.22306768319587317,0.23370738499612986,0.02606341427840289,0.025129935868567353,0.026919206325012334,,,28,200
reward_factor_1,factor_2,unrewarded,layer_3,True,0.08778736975612612,0.22892289959344303,0.3158213091018428,ntp,0.05854779515103614,0.48574761670533306,-0.25682471711189003,-0.26350956411764015,-0.25112688246356085,-0.029239574605089982,-0.02986604201666909,-0.0287163498082888,,,28,200
reward_factor_1,factor_2,unrewarded,layer_3,True,0.08778736975612612,0.22892289959344303,0.3158213091018428,log_ntp,0.04992088058382616,0.5615218002629303,-0.3325989006694872,-0.34064763159216094,-0.32563557873323823,-0.03786648917229996,-0.03879670351831093,-0.037112231647446176,,,28,200
reward_factor_1,factor_2,unrewarded,layer_3,True,0.08778736975612612,0.22892289959344303,0.3158213091018428,joint_ntp,0.05854989722729403,0.48572915319662713,-0.2568062536031841,-0.2634084141155847,-0.25108513656055503,-0.029237472528832097,-0.029862212842600724,-0.02871654678981522,,,28,200
reward_factor_1,factor_2,unrewarded,layer_3,True,0.08778736975612612,0.22892289959344303,0.3158213091018428,log_joint_ntp,0.05320259136859355,0.532697015520877,-0.30377411592743403,-0.31129519441129755,-0.29704225533968914,-0.03458477838753257,-0.03534742726619732,-0.03392092531136323,,,28,200
reward_factor_1,factor_2,unrewarded,layer_3,True,0.08778736975612612,0.22892289959344303,0.3158213091018428,policy_probabilities,0.11324500846125751,0.00531667593641616,0.2236062236570268,0.21725156509962365,0.22838677675330063,0.02545763870513139,0.024464241187774953,0.026366363280215445,,,28,200
reward_factor_1,factor_2,unrewarded,layer_3,True,0.08778736975612612,0.22892289959344303,0.3158213091018428,centered_log_policy,0.11318352865322445,0.005856681545917675,0.22306621804752536,0.21685441668918642,0.2281815531297564,0.025396158897098328,0.02439044450245677,0.026284757519034394,,,28,200
reward_factor_1,factor_2,unrewarded,layer_3,True,0.08778736975612612,0.22892289959344303,0.3158213091018428,expected_immediate_reward_all_actions,0.1138572947597283,-6.131801596076514e-05,0.2289842176094037,0.22316762955642838,0.23372722284639857,0.026069925003602182,0.02514310689221478,0.026927622179462655,,,28,200
reward_factor_1,factor_2,unrewarded,layer_3,True,0.08778736975612612,0.22892289959344303,0.3158213091018428,suffix_0_belief,0.11385078403452903,-4.131303086740701e-06,0.22892703089652977,0.22306768319587317,0.2337073849961298,0.026063414278402905,0.025129935868567353,0.026919206325012327,,,28,200
reward_factor_1,factor_2,unrewarded,layer_3,True,0.08778736975612612,0.22892289959344303,0.3158213091018428,suffix_1_belief,0.0855672186639719,0.24842351421896847,-0.01950061462552547,-0.02316498175408046,-0.016212753596987213,-0.0022201510921542184,-0.0026528510389032937,-0.0018483380333523347,,,28,200
reward_factor_1,factor_2,unrewarded,layer_3,True,0.08778736975612612,0.22892289959344303,0.3158213091018428,suffix_2_belief,0.06381758539809315,0.43946060987576674,-0.2105377102823237,-0.2157303809399699,-0.20571203647398728,-0.023969784358032972,-0.02494017092385725,-0.023144461496962112,,,28,200
reward_factor_1,factor_2,unrewarded,layer_3,True,0.08778736975612612,0.22892289959344303,0.3158213091018428,suffix_4_belief,0.03498855987095955,0.6926792844158767,-0.46375638482243364,-0.47000952383174,-0.45777418641885914,-0.052798809885166574,-0.054378969528133037,-0.05140204788641988,,,28,200
reward_factor_1,factor_2,unrewarded,layer_3,True,0.08778736975612612,0.22892289959344303,0.3158213091018428,suffix_8_belief,0.010828267060035835,0.9048903186155932,-0.6759674190221502,-0.6809197963602799,-0.6719819731246113,-0.07695910269609028,-0.07882488310137395,-0.07523360260569689,,,28,200
reward_factor_1,factor_2,unrewarded,layer_3,True,0.08778736975612612,0.22892289959344303,0.3158213091018428,suffix_16_belief,0.000927296309365926,0.9918551273215054,-0.7629322277280624,-0.7685443793101767,-0.7586180075410022,-0.0868600734467602,-0.08852272493914713,-0.08543847369600989,,,28,200
reward_factor_1,factor_2,unrewarded,layer_3,True,0.08778736975612612,0.22892289959344303,0.3158213091018428,suffix_32_belief,8.582480712448348e-06,0.9999246160995547,-0.7710017165061117,-0.7768687186945619,-0.7662463915368877,-0.08777878727541367,-0.08938511773471723,-0.08642737402463346,,,28,200
