run,phase,layer,factor,mse,target_variance,global_r2,null_mse,null_global_r2,probe_type
token_cycle_1_context,initial,layer_3,strata,0.0967171313273907,0.09555247831576143,-0.012188621709847913,0.06345373796234027,-0.020230974391673096,shuffled_training_labels
token_cycle_1_context,initial,control,strata,0.07080621181481284,0.09555247831576143,0.25898089654119083,0.06299653134821333,-0.012879849550045952,current_visible_token
token_cycle_1_context,initial,control,strata,0.09595638360300797,0.09555247831576143,-0.004227051923360925,0.06308358673254315,-0.014279555894116225,train_mean
token_cycle_1_context,final,layer_3,strata,0.09552974759445244,0.09555247831576143,0.00023788730245033474,0.06313491709789988,-0.015104863123374557,shuffled_training_labels
token_cycle_1_context,final,control,strata,0.07080621181481284,0.09555247831576143,0.25898089654119083,0.06299653134821333,-0.012879849550045952,current_visible_token
token_cycle_1_context,final,control,strata,0.09595638360300797,0.09555247831576143,-0.004227051923360925,0.06308358673254315,-0.014279555894116225,train_mean
token_cycle_2,initial,layer_3,strata,0.1563825931805195,0.15499401324917533,-0.008958926233568976,0.19841212050029208,-0.01104269469549446,shuffled_training_labels
token_cycle_2,initial,control,strata,0.1058836277544457,0.15499401324917533,0.31685343495027496,0.19772831038453073,-0.00755822398697048,current_visible_token
token_cycle_2,initial,control,strata,0.15557137319727063,0.15499401324917533,-0.0037250467678846544,0.19775971898829406,-0.007718271867641402,train_mean
token_cycle_2,final,layer_3,strata,0.15575656877445065,0.15499401324917533,-0.004919903093607791,0.1972685785395473,-0.0052155822057256,shuffled_training_labels
token_cycle_2,final,control,strata,0.1058836277544457,0.15499401324917533,0.31685343495027496,0.19772831038453073,-0.00755822398697048,current_visible_token
token_cycle_2,final,control,strata,0.15557137319727063,0.15499401324917533,-0.0037250467678846544,0.19775971898829406,-0.007718271867641402,train_mean
explore_cycle_3_both,initial,layer_3,factor_1,0.17949018149268448,0.1782648981297332,-0.006873385483100458,0.27104379073914087,-0.010718465336793992,shuffled_training_labels
explore_cycle_3_both,initial,layer_3,factor_2,0.18225119303124948,0.17981306599866392,-0.013559231744614486,0.27171768899499454,-0.009940917025636153,shuffled_training_labels
explore_cycle_3_both,initial,control,factor_1,0.1284142892218239,0.1782648981297332,0.2796434375523007,0.19714797453331834,0.26483798901578026,current_token_preceding_action
explore_cycle_3_both,initial,control,factor_2,0.12907432039006364,0.17981306599866392,0.28217496502160355,0.1897236629104166,0.29482069860847915,current_token_preceding_action
explore_cycle_3_both,initial,control,factor_1,0.07709750051298789,0.1782648981297332,0.5675116003102316,0.22477055301852025,0.16183378420048522,log_ntp
explore_cycle_3_both,initial,control,factor_2,0.07713803962064275,0.17981306599866392,0.5710098196022312,0.22500003598474905,0.1637027993513347,log_ntp
explore_cycle_3_both,initial,control,factor_1,0.08939253267559351,0.1782648981297332,0.4985410273505576,0.26817759802678054,-3.0473216788395874e-05,ntp
explore_cycle_3_both,initial,control,factor_2,0.08967085666240089,0.17981306599866392,0.501310674147188,0.26901256998720274,0.0001136744935897882,ntp
explore_cycle_3_both,initial,control,factor_1,0.17826764664666786,0.1782648981297332,-1.5418161194435953e-05,0.2681771949779592,-2.8970253429516646e-05,train_mean
explore_cycle_3_both,initial,control,factor_2,0.1798143166718973,0.17981306599866392,-6.955407975572925e-06,0.2690468566630792,-1.3764824051021307e-05,train_mean
explore_cycle_3_both,final,layer_3,factor_1,0.055289826255256476,0.05476200596903371,-0.009638439587498437,0.11739666022510387,-0.016041538524971033,shuffled_training_labels
explore_cycle_3_both,final,layer_3,factor_2,0.05179900447876042,0.05153881762409579,-0.005048366777878677,0.10108199421600421,-0.004435917499745479,shuffled_training_labels
explore_cycle_3_both,final,control,factor_1,0.03727166222075786,0.05476200596903371,0.31938829556693227,0.07811326323154127,0.3239473763495555,current_token_preceding_action
explore_cycle_3_both,final,control,factor_2,0.042292655744794586,0.05153881762409579,0.17940190143163803,0.0906477949091403,0.09924708396309767,current_token_preceding_action
explore_cycle_3_both,final,control,factor_1,0.03163163501071257,0.05476200596903371,0.4223799064519419,0.0929032972216345,0.1959429777464211,log_ntp
explore_cycle_3_both,final,control,factor_2,0.01892349839537129,0.05153881762409579,0.6328301798967921,0.05525694666926725,0.45092039035778775,log_ntp
explore_cycle_3_both,final,control,factor_1,0.03853577350088851,0.05476200596903371,0.29630456702628194,0.11560732050266552,-0.0005552079850386082,ntp
explore_cycle_3_both,final,control,factor_2,0.03317942916839561,0.05153881762409579,0.35622447898604226,0.09953828750518684,0.010903653889368092,ntp
explore_cycle_3_both,final,control,factor_1,0.054773487997389264,0.05476200596903371,-0.00020967143464489801,0.11554359841553391,-3.707735175551008e-06,train_mean
explore_cycle_3_both,final,control,factor_2,0.05154030472973967,0.05153881762409579,-2.8854089256125093e-05,0.10063931394352456,-3.707308540823462e-05,train_mean
explore_cycle_3_factor_1,initial,layer_3,factor_1,0.17949018149268448,0.1782648981297332,-0.006873385483100458,0.27104379073914087,-0.010718465336793992,shuffled_training_labels
explore_cycle_3_factor_1,initial,layer_3,factor_2,0.18225119303124948,0.17981306599866392,-0.013559231744614486,0.27171768899499454,-0.009940917025636153,shuffled_training_labels
explore_cycle_3_factor_1,initial,control,factor_1,0.1284142892218239,0.1782648981297332,0.2796434375523007,0.19714797453331834,0.26483798901578026,current_token_preceding_action
explore_cycle_3_factor_1,initial,control,factor_2,0.12907432039006364,0.17981306599866392,0.28217496502160355,0.1897236629104166,0.29482069860847915,current_token_preceding_action
explore_cycle_3_factor_1,initial,control,factor_1,0.07709750051298789,0.1782648981297332,0.5675116003102316,0.22477055301852025,0.16183378420048522,log_ntp
explore_cycle_3_factor_1,initial,control,factor_2,0.07713803962064275,0.17981306599866392,0.5710098196022312,0.22500003598474905,0.1637027993513347,log_ntp
explore_cycle_3_factor_1,initial,control,factor_1,0.08939253267559351,0.1782648981297332,0.4985410273505576,0.26817759802678054,-3.0473216788395874e-05,ntp
explore_cycle_3_factor_1,initial,control,factor_2,0.08967085666240089,0.17981306599866392,0.501310674147188,0.26901256998720274,0.0001136744935897882,ntp
explore_cycle_3_factor_1,initial,control,factor_1,0.17826764664666786,0.1782648981297332,-1.5418161194435953e-05,0.2681771949779592,-2.8970253429516646e-05,train_mean
explore_cycle_3_factor_1,initial,control,factor_2,0.1798143166718973,0.17981306599866392,-6.955407975572925e-06,0.2690468566630792,-1.3764824051021307e-05,train_mean
explore_cycle_3_factor_1,final,layer_3,factor_1,0.1835691322653201,0.1821644965425569,-0.007710809457511569,0.2799818688148178,-0.006224058427045209,shuffled_training_labels
explore_cycle_3_factor_1,final,layer_3,factor_2,0.1653159924448351,0.16478958793694207,-0.0031944039334237395,0.21871367416112125,-0.004311348524326686,shuffled_training_labels
explore_cycle_3_factor_1,final,control,factor_1,0.13210324843950766,0.1821644965425569,0.274813418932893,0.1658669363218497,0.40389246442590043,current_token_preceding_action
explore_cycle_3_factor_1,final,control,factor_2,0.1141535935162253,0.16478958793694207,0.3072766614362371,0.2190551787370715,-0.005879503430576971,current_token_preceding_action
explore_cycle_3_factor_1,final,control,factor_1,0.07562736875876284,0.1821644965425569,0.5848402394859915,0.221565617213717,0.20371752819416733,log_ntp
explore_cycle_3_factor_1,final,control,factor_2,0.007827079776512084,0.16478958793694207,0.9525025829938529,0.022376218553964527,0.8972506391426991,log_ntp
explore_cycle_3_factor_1,final,control,factor_1,0.0927051985473565,0.1821644965425569,0.4910907432190065,0.2781155937282739,0.0004831290764626406,ntp
explore_cycle_3_factor_1,final,control,factor_2,0.07312486469923091,0.16478958793694207,0.5562531248806043,0.21937459409769272,-0.007346226866115746,ntp
explore_cycle_3_factor_1,final,control,factor_1,0.18216541136028652,0.1821644965425569,-5.021932083293379e-06,0.27825044647980485,-1.5168883276128753e-06,train_mean
explore_cycle_3_factor_1,final,control,factor_2,0.16526816896441898,0.16478958793694207,-0.0029041945760557297,0.2187099046882062,-0.0042940394811628035,train_mean
