run,seed,agent_steps,iteration,phase,n_fit,n_test,source,layer,factor,probe_type,json_pointer,mse,target_variance,global_mse_ratio,r_squared,global_r2,null_mse,null_target_variance,null_r_squared,null_global_r2,selected_rcond,cv_folds,cv_validation_mse
token_cycle_1_context,42,0,0,initial,20000,20000,experiments/strata_token_guess_cycle_1/ppo/results/20260909T061802Z-7d4e2248/checkpoint_probes/steps_000000000/probe_battery.json,layer_1,strata,probe_fits,/layers/layer_1/probe_fits/strata,0.03221932580940899,0.09555247831576143,0.33718984978011185,0.6628101502198882,0.6628101502198882,0.0313570440731871,0.062195463140271204,0.4958306845876095,0.4958306845876095,1e-06,10,"{""0.0001"": 0.03313848709657557, ""0.01"": 0.034871888723919164, ""1e-06"": 0.0326152501487105, ""1e-08"": 0.05225313932064477, ""1e-10"": 0.05225313932064477, ""1e-15"": 0.05225313932064477}"
token_cycle_1_context,42,0,0,initial,20000,20000,experiments/strata_token_guess_cycle_1/ppo/results/20260909T061802Z-7d4e2248/checkpoint_probes/steps_000000000/probe_battery.json,layer_1,strata,shuffled_training_labels,/layers/layer_1/shuffled_training_labels/strata,0.09700925119372539,0.09555247831576143,1.015245788530465,-0.01524578853046532,-0.015245788530465099,0.06360737074707447,0.062195463140271204,-0.022701135026825803,-0.022701135026825803,0.01,10,"{""0.0001"": 0.09043704591695956, ""0.01"": 0.09034868278150218, ""1e-06"": 0.09058811879359634, ""1e-08"": 0.09110728302764977, ""1e-10"": 0.09110728302764977, ""1e-15"": 0.09110728302764977}"
token_cycle_1_context,42,0,0,initial,20000,20000,experiments/strata_token_guess_cycle_1/ppo/results/20260909T061802Z-7d4e2248/checkpoint_probes/steps_000000000/probe_battery.json,layer_2,strata,probe_fits,/layers/layer_2/probe_fits/strata,0.014816064266317156,0.09555247831576143,0.15505682874447474,0.8449431712555252,0.8449431712555253,0.017334718425520736,0.062195463140271204,0.7212864483953556,0.7212864483953556,1e-15,10,"{""0.0001"": 0.016413448312945167, ""0.01"": 0.028651002666606713, ""1e-06"": 0.01614271475545151, ""1e-08"": 0.01614271475545151, ""1e-10"": 0.01614271475545151, ""1e-15"": 0.01614271475545151}"
token_cycle_1_context,42,0,0,initial,20000,20000,experiments/strata_token_guess_cycle_1/ppo/results/20260909T061802Z-7d4e2248/checkpoint_probes/steps_000000000/probe_battery.json,layer_2,strata,shuffled_training_labels,/layers/layer_2/shuffled_training_labels/strata,0.09689557884168597,0.09555247831576143,1.014056155838116,-0.014056155838116036,-0.014056155838116036,0.06343077733610358,0.062195463140271204,-0.01986180556363637,-0.01986180556363637,0.01,10,"{""0.0001"": 0.09057717098491828, ""0.01"": 0.09035466340218513, ""1e-06"": 0.09062544330837605, ""1e-08"": 0.09062544330837605, ""1e-10"": 0.09062544330837605, ""1e-15"": 0.09062544330837605}"
token_cycle_1_context,42,0,0,initial,20000,20000,experiments/strata_token_guess_cycle_1/ppo/results/20260909T061802Z-7d4e2248/checkpoint_probes/steps_000000000/probe_battery.json,layer_3,strata,probe_fits,/layers/layer_3/probe_fits/strata,0.012472406014507217,0.09555247831576143,0.13052938274704998,0.86947061725295,0.86947061725295,0.01615042355691653,0.062195463140271204,0.7403279477075038,0.7403279477075038,1e-15,10,"{""0.0001"": 0.013486595111717011, ""0.01"": 0.029049084923260953, ""1e-06"": 0.013486595111717011, ""1e-08"": 0.013486595111717011, ""1e-10"": 0.013486595111717011, ""1e-15"": 0.013486595111717011}"
token_cycle_1_context,42,0,0,initial,20000,20000,experiments/strata_token_guess_cycle_1/ppo/results/20260909T061802Z-7d4e2248/checkpoint_probes/steps_000000000/probe_battery.json,layer_3,strata,shuffled_training_labels,/layers/layer_3/shuffled_training_labels/strata,0.0967171313273907,0.09555247831576143,1.012188621709848,-0.012188621709847913,-0.012188621709847913,0.06345373796234027,0.062195463140271204,-0.020230974391673096,-0.020230974391673096,0.01,10,"{""0.0001"": 0.09067000035226071, ""0.01"": 0.09036049556881369, ""1e-06"": 0.09067000035226071, ""1e-08"": 0.09067000035226071, ""1e-10"": 0.09067000035226071, ""1e-15"": 0.09067000035226071}"
token_cycle_1_context,42,0,0,initial,20000,20000,experiments/strata_token_guess_cycle_1/ppo/results/20260909T061802Z-7d4e2248/checkpoint_probes/steps_000000000/probe_battery.json,control,strata,current_visible_token,/controls/current_visible_token/strata,0.07080621181481284,0.09555247831576143,0.7410191034588092,0.25898089654119083,0.25898089654119083,0.06299653134821333,0.062195463140271204,-0.012879849550045952,-0.012879849550045952,,,
token_cycle_1_context,42,0,0,initial,20000,20000,experiments/strata_token_guess_cycle_1/ppo/results/20260909T061802Z-7d4e2248/checkpoint_probes/steps_000000000/probe_battery.json,control,strata,train_mean,/controls/train_mean/strata,0.09595638360300797,0.09555247831576143,1.004227051923361,-0.004227051923360925,-0.004227051923360925,0.06308358673254315,0.062195463140271204,-0.014279555894116225,-0.014279555894116225,,,
token_cycle_1_context,42,2513610,76,final,20000,20000,experiments/strata_token_guess_cycle_1/ppo/results/20260909T061802Z-7d4e2248/checkpoint_probes/steps_002513610/probe_battery.json,layer_1,strata,probe_fits,/layers/layer_1/probe_fits/strata,0.012346641895851882,0.09555247831576143,0.12921320423580576,0.8707867957641943,0.8707867957641943,0.02442319164824999,0.062195463140271204,0.607315543367405,0.607315543367405,1e-15,10,"{""0.0001"": 0.012554545454565325, ""0.01"": 0.01377665538227558, ""1e-06"": 0.012552543831742285, ""1e-08"": 0.012552543831742285, ""1e-10"": 0.012552543831742285, ""1e-15"": 0.012552543831742285}"
token_cycle_1_context,42,2513610,76,final,20000,20000,experiments/strata_token_guess_cycle_1/ppo/results/20260909T061802Z-7d4e2248/checkpoint_probes/steps_002513610/probe_battery.json,layer_1,strata,shuffled_training_labels,/layers/layer_1/shuffled_training_labels/strata,0.0960329069725323,0.09555247831576143,1.0050279036738667,-0.00502790367386674,-0.00502790367386674,0.06337102600638339,0.062195463140271204,-0.01890110317951832,-0.018901103179518097,0.01,10,"{""0.0001"": 0.09060762644708209, ""0.01"": 0.09036902207689688, ""1e-06"": 0.09066466231997443, ""1e-08"": 0.09066466231997443, ""1e-10"": 0.09066466231997443, ""1e-15"": 0.09066466231997443}"
token_cycle_1_context,42,2513610,76,final,20000,20000,experiments/strata_token_guess_cycle_1/ppo/results/20260909T061802Z-7d4e2248/checkpoint_probes/steps_002513610/probe_battery.json,layer_2,strata,probe_fits,/layers/layer_2/probe_fits/strata,0.004096605374249255,0.09555247831576143,0.042872832253619514,0.9571271677463805,0.9571271677463805,0.009571057939102632,0.062195463140271204,0.8461132459530569,0.8461132459530569,1e-15,10,"{""0.0001"": 0.004326310012157584, ""0.01"": 0.008205756749148531, ""1e-06"": 0.004326310012157584, ""1e-08"": 0.004326310012157584, ""1e-10"": 0.004326310012157584, ""1e-15"": 0.004326310012157584}"
token_cycle_1_context,42,2513610,76,final,20000,20000,experiments/strata_token_guess_cycle_1/ppo/results/20260909T061802Z-7d4e2248/checkpoint_probes/steps_002513610/probe_battery.json,layer_2,strata,shuffled_training_labels,/layers/layer_2/shuffled_training_labels/strata,0.09553777303879624,0.09555247831576143,0.9998461026105823,0.0001538973894176232,0.00015389738941773423,0.06312724506041727,0.062195463140271204,-0.014981509471914345,-0.014981509471914123,0.01,10,"{""0.0001"": 0.09066695054541513, ""0.01"": 0.0903887347307756, ""1e-06"": 0.09066695054541513, ""1e-08"": 0.09066695054541513, ""1e-10"": 0.09066695054541513, ""1e-15"": 0.09066695054541513}"
token_cycle_1_context,42,2513610,76,final,20000,20000,experiments/strata_token_guess_cycle_1/ppo/results/20260909T061802Z-7d4e2248/checkpoint_probes/steps_002513610/probe_battery.json,layer_3,strata,probe_fits,/layers/layer_3/probe_fits/strata,0.004048814958063187,0.09555247831576143,0.04237268388459301,0.957627316115407,0.957627316115407,0.008894582863366952,0.062195463140271204,0.8569898443668351,0.8569898443668351,1e-15,10,"{""0.0001"": 0.004157263638507914, ""0.01"": 0.007987661162929816, ""1e-06"": 0.004157263638507914, ""1e-08"": 0.004157263638507914, ""1e-10"": 0.004157263638507914, ""1e-15"": 0.004157263638507914}"
token_cycle_1_context,42,2513610,76,final,20000,20000,experiments/strata_token_guess_cycle_1/ppo/results/20260909T061802Z-7d4e2248/checkpoint_probes/steps_002513610/probe_battery.json,layer_3,strata,shuffled_training_labels,/layers/layer_3/shuffled_training_labels/strata,0.09552974759445244,0.09555247831576143,0.9997621126975497,0.00023788730245022371,0.00023788730245033474,0.06313491709789988,0.062195463140271204,-0.015104863123374557,-0.015104863123374557,0.01,10,"{""0.0001"": 0.09065257330585899, ""0.01"": 0.09041354452168464, ""1e-06"": 0.09065257330585899, ""1e-08"": 0.09065257330585899, ""1e-10"": 0.09065257330585899, ""1e-15"": 0.09065257330585899}"
token_cycle_1_context,42,2513610,76,final,20000,20000,experiments/strata_token_guess_cycle_1/ppo/results/20260909T061802Z-7d4e2248/checkpoint_probes/steps_002513610/probe_battery.json,control,strata,current_visible_token,/controls/current_visible_token/strata,0.07080621181481284,0.09555247831576143,0.7410191034588092,0.25898089654119083,0.25898089654119083,0.06299653134821333,0.062195463140271204,-0.012879849550045952,-0.012879849550045952,,,
token_cycle_1_context,42,2513610,76,final,20000,20000,experiments/strata_token_guess_cycle_1/ppo/results/20260909T061802Z-7d4e2248/checkpoint_probes/steps_002513610/probe_battery.json,control,strata,train_mean,/controls/train_mean/strata,0.09595638360300797,0.09555247831576143,1.004227051923361,-0.004227051923360925,-0.004227051923360925,0.06308358673254315,0.062195463140271204,-0.014279555894116225,-0.014279555894116225,,,
token_cycle_2,42,0,0,initial,20000,20000,experiments/strata_token_guess_cycle_2/ppo/results/20260909T083950Z-45ea794b/checkpoint_probes/steps_000000000/probe_battery.json,layer_1,strata,probe_fits,/layers/layer_1/probe_fits/strata,0.05065955383262034,0.15499401324917533,0.3268484554379385,0.6731515445620615,0.6731515445620615,0.10015113995649677,0.19624504636774986,0.489662838322959,0.489662838322959,1e-15,10,"{""0.0001"": 0.049251911615008984, ""0.01"": 0.05935015258441097, ""1e-06"": 0.048740753281229586, ""1e-08"": 0.048740753281229586, ""1e-10"": 0.048740753281229586, ""1e-15"": 0.048740753281229586}"
token_cycle_2,42,0,0,initial,20000,20000,experiments/strata_token_guess_cycle_2/ppo/results/20260909T083950Z-45ea794b/checkpoint_probes/steps_000000000/probe_battery.json,layer_1,strata,shuffled_training_labels,/layers/layer_1/shuffled_training_labels/strata,0.15628652121714456,0.15499401324917533,1.0083390831740793,-0.008339083174079276,-0.008339083174079276,0.19924047991543223,0.19624504636774986,-0.015263740935753889,-0.015263740935753889,0.01,10,"{""0.0001"": 0.1542523068595198, ""0.01"": 0.15405299606327666, ""1e-06"": 0.15462205865046078, ""1e-08"": 0.15462205865046078, ""1e-10"": 0.15462205865046078, ""1e-15"": 0.15462205865046078}"
token_cycle_2,42,0,0,initial,20000,20000,experiments/strata_token_guess_cycle_2/ppo/results/20260909T083950Z-45ea794b/checkpoint_probes/steps_000000000/probe_battery.json,layer_2,strata,probe_fits,/layers/layer_2/probe_fits/strata,0.025732214226901248,0.15499401324917533,0.16602069775129305,0.833979302248707,0.833979302248707,0.052342094746672035,0.19624504636774986,0.7332819568419244,0.7332819568419244,1e-15,10,"{""0.0001"": 0.024992427521753357, ""0.01"": 0.049398956720432353, ""1e-06"": 0.024987629486634536, ""1e-08"": 0.024987629486634536, ""1e-10"": 0.024987629486634536, ""1e-15"": 0.024987629486634536}"
token_cycle_2,42,0,0,initial,20000,20000,experiments/strata_token_guess_cycle_2/ppo/results/20260909T083950Z-45ea794b/checkpoint_probes/steps_000000000/probe_battery.json,layer_2,strata,shuffled_training_labels,/layers/layer_2/shuffled_training_labels/strata,0.15678354772782027,0.15499401324917533,1.0115458296816149,-0.011545829681615105,-0.011545829681614883,0.1990131349738714,0.19624504636774986,-0.0141052661320904,-0.0141052661320904,0.01,10,"{""0.0001"": 0.15459077610170896, ""0.01"": 0.15408235110261698, ""1e-06"": 0.15458985468708403, ""1e-08"": 0.15458985468708403, ""1e-10"": 0.15458985468708403, ""1e-15"": 0.15458985468708403}"
token_cycle_2,42,0,0,initial,20000,20000,experiments/strata_token_guess_cycle_2/ppo/results/20260909T083950Z-45ea794b/checkpoint_probes/steps_000000000/probe_battery.json,layer_3,strata,probe_fits,/layers/layer_3/probe_fits/strata,0.023338204915426885,0.15499401324917533,0.15057487980459824,0.8494251201954017,0.8494251201954017,0.05115975332087291,0.19624504636774986,0.7393067786026915,0.7393067786026915,1e-15,10,"{""0.0001"": 0.022407782661765647, ""0.01"": 0.04683453871951229, ""1e-06"": 0.022407782661765647, ""1e-08"": 0.022407782661765647, ""1e-10"": 0.022407782661765647, ""1e-15"": 0.022407782661765647}"
token_cycle_2,42,0,0,initial,20000,20000,experiments/strata_token_guess_cycle_2/ppo/results/20260909T083950Z-45ea794b/checkpoint_probes/steps_000000000/probe_battery.json,layer_3,strata,shuffled_training_labels,/layers/layer_3/shuffled_training_labels/strata,0.1563825931805195,0.15499401324917533,1.008958926233569,-0.008958926233568976,-0.008958926233568976,0.19841212050029208,0.19624504636774986,-0.01104269469549446,-0.01104269469549446,0.01,10,"{""0.0001"": 0.15455711961666882, ""0.01"": 0.1540964771080839, ""1e-06"": 0.15455711961666882, ""1e-08"": 0.15455711961666882, ""1e-10"": 0.15455711961666882, ""1e-15"": 0.15455711961666882}"
token_cycle_2,42,0,0,initial,20000,20000,experiments/strata_token_guess_cycle_2/ppo/results/20260909T083950Z-45ea794b/checkpoint_probes/steps_000000000/probe_battery.json,control,strata,current_visible_token,/controls/current_visible_token/strata,0.1058836277544457,0.15499401324917533,0.683146565049725,0.31685343495027496,0.31685343495027496,0.19772831038453073,0.19624504636774986,-0.00755822398697048,-0.00755822398697048,,,
token_cycle_2,42,0,0,initial,20000,20000,experiments/strata_token_guess_cycle_2/ppo/results/20260909T083950Z-45ea794b/checkpoint_probes/steps_000000000/probe_battery.json,control,strata,train_mean,/controls/train_mean/strata,0.15557137319727063,0.15499401324917533,1.0037250467678847,-0.0037250467678846544,-0.0037250467678846544,0.19775971898829406,0.19624504636774986,-0.007718271867641402,-0.007718271867641402,,,
token_cycle_2,42,2516889,76,final,20000,20000,experiments/strata_token_guess_cycle_2/ppo/results/20260909T083950Z-45ea794b/checkpoint_probes/steps_002516889/probe_battery.json,layer_1,strata,probe_fits,/layers/layer_1/probe_fits/strata,0.02199330969886362,0.15499401324917533,0.1418978013267273,0.8581021986732726,0.8581021986732726,0.05058350713392013,0.19624504636774986,0.7422431390235956,0.7422431390235956,1e-15,10,"{""0.0001"": 0.02179595784760701, ""0.01"": 0.03180292742560882, ""1e-06"": 0.021769858754767245, ""1e-08"": 0.021769858754767245, ""1e-10"": 0.021769858754767245, ""1e-15"": 0.021769858754767245}"
token_cycle_2,42,2516889,76,final,20000,20000,experiments/strata_token_guess_cycle_2/ppo/results/20260909T083950Z-45ea794b/checkpoint_probes/steps_002516889/probe_battery.json,layer_1,strata,shuffled_training_labels,/layers/layer_1/shuffled_training_labels/strata,0.1564254080143928,0.15499401324917533,1.0092351616376065,-0.009235161637606737,-0.009235161637606515,0.19945470845124205,0.19624504636774986,-0.016355378863818437,-0.01635537886381866,0.01,10,"{""0.0001"": 0.15430647592509994, ""0.01"": 0.1540712426438327, ""1e-06"": 0.15466402459527612, ""1e-08"": 0.15466402459527612, ""1e-10"": 0.15466402459527612, ""1e-15"": 0.15466402459527612}"
token_cycle_2,42,2516889,76,final,20000,20000,experiments/strata_token_guess_cycle_2/ppo/results/20260909T083950Z-45ea794b/checkpoint_probes/steps_002516889/probe_battery.json,layer_2,strata,probe_fits,/layers/layer_2/probe_fits/strata,0.00814699491146601,0.15499401324917533,0.052563287708206737,0.9474367122917933,0.9474367122917933,0.018307135113057357,0.19624504636774986,0.9067128803916353,0.9067128803916353,1e-15,10,"{""0.0001"": 0.007649122671445232, ""0.01"": 0.023369487687338646, ""1e-06"": 0.007615536726252382, ""1e-08"": 0.007615536726252382, ""1e-10"": 0.007615536726252382, ""1e-15"": 0.007615536726252382}"
token_cycle_2,42,2516889,76,final,20000,20000,experiments/strata_token_guess_cycle_2/ppo/results/20260909T083950Z-45ea794b/checkpoint_probes/steps_002516889/probe_battery.json,layer_2,strata,shuffled_training_labels,/layers/layer_2/shuffled_training_labels/strata,0.15567862367398932,0.15499401324917533,1.0044170120539648,-0.0044170120539648305,-0.0044170120539648305,0.1971855374017925,0.19624504636774986,-0.004792431969366628,-0.004792431969366628,0.01,10,"{""0.0001"": 0.1544945219757245, ""0.01"": 0.15409819143408326, ""1e-06"": 0.15449395071005362, ""1e-08"": 0.15449395071005362, ""1e-10"": 0.15449395071005362, ""1e-15"": 0.15449395071005362}"
token_cycle_2,42,2516889,76,final,20000,20000,experiments/strata_token_guess_cycle_2/ppo/results/20260909T083950Z-45ea794b/checkpoint_probes/steps_002516889/probe_battery.json,layer_3,strata,probe_fits,/layers/layer_3/probe_fits/strata,0.008317803338936584,0.15499401324917533,0.053665320127974946,0.946334679872025,0.946334679872025,0.017177583790068583,0.19624504636774986,0.9124687012079838,0.9124687012079838,1e-15,10,"{""0.0001"": 0.007769201850682253, ""0.01"": 0.026827767083788166, ""1e-06"": 0.007769201850682253, ""1e-08"": 0.007769201850682253, ""1e-10"": 0.007769201850682253, ""1e-15"": 0.007769201850682253}"
token_cycle_2,42,2516889,76,final,20000,20000,experiments/strata_token_guess_cycle_2/ppo/results/20260909T083950Z-45ea794b/checkpoint_probes/steps_002516889/probe_battery.json,layer_3,strata,shuffled_training_labels,/layers/layer_3/shuffled_training_labels/strata,0.15575656877445065,0.15499401324917533,1.0049199030936078,-0.0049199030936080135,-0.004919903093607791,0.1972685785395473,0.19624504636774986,-0.0052155822057256,-0.0052155822057256,0.01,10,"{""0.0001"": 0.15462506248332822, ""0.01"": 0.15409730115851905, ""1e-06"": 0.15462506248332822, ""1e-08"": 0.15462506248332822, ""1e-10"": 0.15462506248332822, ""1e-15"": 0.15462506248332822}"
token_cycle_2,42,2516889,76,final,20000,20000,experiments/strata_token_guess_cycle_2/ppo/results/20260909T083950Z-45ea794b/checkpoint_probes/steps_002516889/probe_battery.json,control,strata,current_visible_token,/controls/current_visible_token/strata,0.1058836277544457,0.15499401324917533,0.683146565049725,0.31685343495027496,0.31685343495027496,0.19772831038453073,0.19624504636774986,-0.00755822398697048,-0.00755822398697048,,,
token_cycle_2,42,2516889,76,final,20000,20000,experiments/strata_token_guess_cycle_2/ppo/results/20260909T083950Z-45ea794b/checkpoint_probes/steps_002516889/probe_battery.json,control,strata,train_mean,/controls/train_mean/strata,0.15557137319727063,0.15499401324917533,1.0037250467678847,-0.0037250467678846544,-0.0037250467678846544,0.19775971898829406,0.19624504636774986,-0.007718271867641402,-0.007718271867641402,,,
explore_cycle_3_both,42,0,0,initial,20000,20000,experiments/strata_two_factor_explore_cycle_3/reward_both_state_0/results/20260909T084200Z-e5f5f91b/checkpoint_probes/steps_000000000/probe_battery.json,layer_1,factor_1,probe_fits,/layers/layer_1/probe_fits/factor_1,0.1309796217442726,0.1782648981297332,0.7347471269916049,0.26525287300839506,0.26525287300839506,0.19903647876013822,0.2681694260417247,0.2577957834418829,0.2577957834418829,1e-15,10,"{""0.0001"": 0.1312362820816642, ""0.01"": 0.1496952247358437, ""1e-06"": 0.1312362820816642, ""1e-08"": 0.1312362820816642, ""1e-10"": 0.1312362820816642, ""1e-15"": 0.1312362820816642}"
explore_cycle_3_both,42,0,0,initial,20000,20000,experiments/strata_two_factor_explore_cycle_3/reward_both_state_0/results/20260909T084200Z-e5f5f91b/checkpoint_probes/steps_000000000/probe_battery.json,layer_1,factor_2,probe_fits,/layers/layer_1/probe_fits/factor_2,0.1313627270644506,0.17981306599866392,0.7305516222354312,0.26944837776456865,0.26944837776456876,0.1936274975574512,0.2690431533314115,0.2803106298752829,0.280310629875283,1e-15,10,"{""0.0001"": 0.1327416100366244, ""0.01"": 0.14207118196749396, ""1e-06"": 0.1327416100366244, ""1e-08"": 0.1327416100366244, ""1e-10"": 0.1327416100366244, ""1e-15"": 0.1327416100366244}"
explore_cycle_3_both,42,0,0,initial,20000,20000,experiments/strata_two_factor_explore_cycle_3/reward_both_state_0/results/20260909T084200Z-e5f5f91b/checkpoint_probes/steps_000000000/probe_battery.json,layer_1,factor_1,shuffled_training_labels,/layers/layer_1/shuffled_training_labels/factor_1,0.1788348199979695,0.1782648981297332,1.0031970504244843,-0.00319705042448426,-0.00319705042448426,0.2695001425527655,0.2681694260417247,-0.0049622230642867304,-0.0049622230642867304,0.01,10,"{""0.0001"": 0.1793474683146558, ""0.01"": 0.17901688843520785, ""1e-06"": 0.1793474683146558, ""1e-08"": 0.1793474683146558, ""1e-10"": 0.1793474683146558, ""1e-15"": 0.1793474683146558}"
explore_cycle_3_both,42,0,0,initial,20000,20000,experiments/strata_two_factor_explore_cycle_3/reward_both_state_0/results/20260909T084200Z-e5f5f91b/checkpoint_probes/steps_000000000/probe_battery.json,layer_1,factor_2,shuffled_training_labels,/layers/layer_1/shuffled_training_labels/factor_2,0.18225766248253386,0.17981306599866392,1.0135952105053818,-0.013595210505381594,-0.013595210505381816,0.2719510609649505,0.2690431533314115,-0.0108083316655041,-0.0108083316655041,0.01,10,"{""0.0001"": 0.18103120723135574, ""0.01"": 0.18070024172695687, ""1e-06"": 0.18103120723135574, ""1e-08"": 0.18103120723135574, ""1e-10"": 0.18103120723135574, ""1e-15"": 0.18103120723135574}"
explore_cycle_3_both,42,0,0,initial,20000,20000,experiments/strata_two_factor_explore_cycle_3/reward_both_state_0/results/20260909T084200Z-e5f5f91b/checkpoint_probes/steps_000000000/probe_battery.json,layer_2,factor_1,probe_fits,/layers/layer_2/probe_fits/factor_1,0.13188337125445249,0.1782648981297332,0.7398168267455194,0.2601831732544806,0.2601831732544806,0.20093721097168823,0.2681694260417247,0.25070797988573,0.25070797988573,1e-15,10,"{""0.0001"": 0.13146513126751885, ""0.01"": 0.13651070449561736, ""1e-06"": 0.13146513126751885, ""1e-08"": 0.13146513126751885, ""1e-10"": 0.13146513126751885, ""1e-15"": 0.13146513126751885}"
explore_cycle_3_both,42,0,0,initial,20000,20000,experiments/strata_two_factor_explore_cycle_3/reward_both_state_0/results/20260909T084200Z-e5f5f91b/checkpoint_probes/steps_000000000/probe_battery.json,layer_2,factor_2,probe_fits,/layers/layer_2/probe_fits/factor_2,0.13345141660451543,0.17981306599866392,0.7421675163778533,0.2578324836221466,0.2578324836221467,0.19749186157256512,0.2690431533314115,0.26594726858077067,0.26594726858077067,1e-15,10,"{""0.0001"": 0.13485006745849898, ""0.01"": 0.14037767126729753, ""1e-06"": 0.13485006745849898, ""1e-08"": 0.13485006745849898, ""1e-10"": 0.13485006745849898, ""1e-15"": 0.13485006745849898}"
explore_cycle_3_both,42,0,0,initial,20000,20000,experiments/strata_two_factor_explore_cycle_3/reward_both_state_0/results/20260909T084200Z-e5f5f91b/checkpoint_probes/steps_000000000/probe_battery.json,layer_2,factor_1,shuffled_training_labels,/layers/layer_2/shuffled_training_labels/factor_1,0.1794150292473302,0.1782648981297332,1.0064518092437917,-0.00645180924379174,-0.00645180924379174,0.2699879705474048,0.2681694260417247,-0.006781326762421935,-0.006781326762421935,0.01,10,"{""0.0001"": 0.17933539316687214, ""0.01"": 0.17907347705691865, ""1e-06"": 0.17933539316687214, ""1e-08"": 0.17933539316687214, ""1e-10"": 0.17933539316687214, ""1e-15"": 0.17933539316687214}"
explore_cycle_3_both,42,0,0,initial,20000,20000,experiments/strata_two_factor_explore_cycle_3/reward_both_state_0/results/20260909T084200Z-e5f5f91b/checkpoint_probes/steps_000000000/probe_battery.json,layer_2,factor_2,shuffled_training_labels,/layers/layer_2/shuffled_training_labels/factor_2,0.18216587271031234,0.17981306599866392,1.0130847371884861,-0.013084737188485907,-0.013084737188486129,0.2709062789452254,0.2690431533314115,-0.006925006604865613,-0.006925006604865613,0.01,10,"{""0.0001"": 0.18101929361004795, ""0.01"": 0.18068380901799794, ""1e-06"": 0.18101929361004795, ""1e-08"": 0.18101929361004795, ""1e-10"": 0.18101929361004795, ""1e-15"": 0.18101929361004795}"
explore_cycle_3_both,42,0,0,initial,20000,20000,experiments/strata_two_factor_explore_cycle_3/reward_both_state_0/results/20260909T084200Z-e5f5f91b/checkpoint_probes/steps_000000000/probe_battery.json,layer_3,factor_1,probe_fits,/layers/layer_3/probe_fits/factor_1,0.13318889798401876,0.1782648981297332,0.7471403477710449,0.2528596522289551,0.2528596522289551,0.20276302011876088,0.2681694260417247,0.2438995633782175,0.2438995633782175,1e-15,10,"{""0.0001"": 0.13266389446805132, ""0.01"": 0.13678270055927927, ""1e-06"": 0.13266389446805132, ""1e-08"": 0.13266389446805132, ""1e-10"": 0.13266389446805132, ""1e-15"": 0.13266389446805132}"
explore_cycle_3_both,42,0,0,initial,20000,20000,experiments/strata_two_factor_explore_cycle_3/reward_both_state_0/results/20260909T084200Z-e5f5f91b/checkpoint_probes/steps_000000000/probe_battery.json,layer_3,factor_2,probe_fits,/layers/layer_3/probe_fits/factor_2,0.13336040165753693,0.17981306599866392,0.7416613521206954,0.2583386478793046,0.2583386478793046,0.19486676629553548,0.2690431533314115,0.27570442182746935,0.27570442182746946,1e-15,10,"{""0.0001"": 0.13507080775585825, ""0.01"": 0.13958270914691412, ""1e-06"": 0.13507080775585825, ""1e-08"": 0.13507080775585825, ""1e-10"": 0.13507080775585825, ""1e-15"": 0.13507080775585825}"
explore_cycle_3_both,42,0,0,initial,20000,20000,experiments/strata_two_factor_explore_cycle_3/reward_both_state_0/results/20260909T084200Z-e5f5f91b/checkpoint_probes/steps_000000000/probe_battery.json,layer_3,factor_1,shuffled_training_labels,/layers/layer_3/shuffled_training_labels/factor_1,0.17949018149268448,0.1782648981297332,1.0068733854831005,-0.006873385483100236,-0.006873385483100458,0.27104379073914087,0.2681694260417247,-0.010718465336793992,-0.010718465336793992,0.01,10,"{""0.0001"": 0.17942764033955635, ""0.01"": 0.179114485886548, ""1e-06"": 0.17942764033955635, ""1e-08"": 0.17942764033955635, ""1e-10"": 0.17942764033955635, ""1e-15"": 0.17942764033955635}"
explore_cycle_3_both,42,0,0,initial,20000,20000,experiments/strata_two_factor_explore_cycle_3/reward_both_state_0/results/20260909T084200Z-e5f5f91b/checkpoint_probes/steps_000000000/probe_battery.json,layer_3,factor_2,shuffled_training_labels,/layers/layer_3/shuffled_training_labels/factor_2,0.18225119303124948,0.17981306599866392,1.0135592317446145,-0.013559231744614486,-0.013559231744614486,0.27171768899499454,0.2690431533314115,-0.009940917025636153,-0.009940917025636153,0.01,10,"{""0.0001"": 0.18099309398092217, ""0.01"": 0.18072373616705736, ""1e-06"": 0.18099309398092217, ""1e-08"": 0.18099309398092217, ""1e-10"": 0.18099309398092217, ""1e-15"": 0.18099309398092217}"
explore_cycle_3_both,42,0,0,initial,20000,20000,experiments/strata_two_factor_explore_cycle_3/reward_both_state_0/results/20260909T084200Z-e5f5f91b/checkpoint_probes/steps_000000000/probe_battery.json,control,factor_1,current_token_preceding_action,/controls/current_token_preceding_action/factor_1,0.1284142892218239,0.1782648981297332,0.7203565624476993,0.2796434375523007,0.2796434375523007,0.19714797453331834,0.2681694260417247,0.26483798901578026,0.26483798901578026,,,
explore_cycle_3_both,42,0,0,initial,20000,20000,experiments/strata_two_factor_explore_cycle_3/reward_both_state_0/results/20260909T084200Z-e5f5f91b/checkpoint_probes/steps_000000000/probe_battery.json,control,factor_2,current_token_preceding_action,/controls/current_token_preceding_action/factor_2,0.12907432039006364,0.17981306599866392,0.7178250349783964,0.28217496502160355,0.28217496502160355,0.1897236629104166,0.2690431533314115,0.29482069860847915,0.29482069860847915,,,
explore_cycle_3_both,42,0,0,initial,20000,20000,experiments/strata_two_factor_explore_cycle_3/reward_both_state_0/results/20260909T084200Z-e5f5f91b/checkpoint_probes/steps_000000000/probe_battery.json,control,factor_1,log_ntp,/controls/log_ntp/factor_1,0.07709750051298789,0.1782648981297332,0.4324883996897683,0.5675116003102316,0.5675116003102316,0.22477055301852025,0.2681694260417247,0.16183378420048533,0.16183378420048522,1e-15,10,"{""0.0001"": 0.07726343757163746, ""0.01"": 0.07726343757163746, ""1e-06"": 0.07726343757163746, ""1e-08"": 0.07726343757163746, ""1e-10"": 0.07726343757163746, ""1e-15"": 0.07726343757163746}"
explore_cycle_3_both,42,0,0,initial,20000,20000,experiments/strata_two_factor_explore_cycle_3/reward_both_state_0/results/20260909T084200Z-e5f5f91b/checkpoint_probes/steps_000000000/probe_battery.json,control,factor_2,log_ntp,/controls/log_ntp/factor_2,0.07713803962064275,0.17981306599866392,0.4289901803977688,0.5710098196022311,0.5710098196022312,0.22500003598474905,0.2690431533314115,0.1637027993513347,0.1637027993513347,1e-15,10,"{""0.0001"": 0.07749699741968347, ""0.01"": 0.07749699741968347, ""1e-06"": 0.07749699741968347, ""1e-08"": 0.07749699741968347, ""1e-10"": 0.07749699741968347, ""1e-15"": 0.07749699741968347}"
explore_cycle_3_both,42,0,0,initial,20000,20000,experiments/strata_two_factor_explore_cycle_3/reward_both_state_0/results/20260909T084200Z-e5f5f91b/checkpoint_probes/steps_000000000/probe_battery.json,control,factor_1,ntp,/controls/ntp/factor_1,0.08939253267559351,0.1782648981297332,0.5014589726494424,0.4985410273505576,0.4985410273505576,0.26817759802678054,0.2681694260417247,-3.047321678861792e-05,-3.0473216788395874e-05,1e-15,10,"{""0.0001"": 0.08934286426314825, ""0.01"": 0.08934286426314825, ""1e-06"": 0.08934286426314825, ""1e-08"": 0.08934286426314825, ""1e-10"": 0.08934286426314825, ""1e-15"": 0.08934286426314825}"
explore_cycle_3_both,42,0,0,initial,20000,20000,experiments/strata_two_factor_explore_cycle_3/reward_both_state_0/results/20260909T084200Z-e5f5f91b/checkpoint_probes/steps_000000000/probe_battery.json,control,factor_2,ntp,/controls/ntp/factor_2,0.08967085666240089,0.17981306599866392,0.49868932585281195,0.501310674147188,0.501310674147188,0.26901256998720274,0.2690431533314115,0.0001136744935897882,0.0001136744935897882,1e-15,10,"{""0.0001"": 0.09023581850886522, ""0.01"": 0.09023581850886522, ""1e-06"": 0.09023581850886522, ""1e-08"": 0.09023581850886522, ""1e-10"": 0.09023581850886522, ""1e-15"": 0.09023581850886522}"
explore_cycle_3_both,42,0,0,initial,20000,20000,experiments/strata_two_factor_explore_cycle_3/reward_both_state_0/results/20260909T084200Z-e5f5f91b/checkpoint_probes/steps_000000000/probe_battery.json,control,factor_1,train_mean,/controls/train_mean/factor_1,0.17826764664666786,0.1782648981297332,1.0000154181611944,-1.5418161194435953e-05,-1.5418161194435953e-05,0.2681771949779592,0.2681694260417247,-2.8970253429516646e-05,-2.8970253429516646e-05,,,
explore_cycle_3_both,42,0,0,initial,20000,20000,experiments/strata_two_factor_explore_cycle_3/reward_both_state_0/results/20260909T084200Z-e5f5f91b/checkpoint_probes/steps_000000000/probe_battery.json,control,factor_2,train_mean,/controls/train_mean/factor_2,0.1798143166718973,0.17981306599866392,1.0000069554079756,-6.955407975572925e-06,-6.955407975572925e-06,0.2690468566630792,0.2690431533314115,-1.3764824050799263e-05,-1.3764824051021307e-05,,,
explore_cycle_3_both,42,50001886,1510,final,20000,20000,experiments/strata_two_factor_explore_cycle_3/reward_both_state_0/results/20260909T084200Z-e5f5f91b/checkpoint_probes/steps_050001886/probe_battery.json,layer_1,factor_1,probe_fits,/layers/layer_1/probe_fits/factor_1,0.023297655188887142,0.05476200596903371,0.42543465632104993,0.5745653436789501,0.5745653436789501,0.04948233947131377,0.11554317001205816,0.5717415450333432,0.5717415450333433,1e-15,10,"{""0.0001"": 0.02392495865466122, ""0.01"": 0.028026482267200288, ""1e-06"": 0.02392495865466122, ""1e-08"": 0.02392495865466122, ""1e-10"": 0.02392495865466122, ""1e-15"": 0.02392495865466122}"
explore_cycle_3_both,42,50001886,1510,final,20000,20000,experiments/strata_two_factor_explore_cycle_3/reward_both_state_0/results/20260909T084200Z-e5f5f91b/checkpoint_probes/steps_050001886/probe_battery.json,layer_1,factor_2,probe_fits,/layers/layer_1/probe_fits/factor_2,0.02198174379332808,0.05153881762409579,0.42650849993599815,0.5734915000640018,0.5734915000640018,0.04833009427733058,0.10063558307195822,0.519751435804046,0.519751435804046,1e-15,10,"{""0.0001"": 0.021137396844459214, ""0.01"": 0.024447264421320593, ""1e-06"": 0.021137396844459214, ""1e-08"": 0.021137396844459214, ""1e-10"": 0.021137396844459214, ""1e-15"": 0.021137396844459214}"
explore_cycle_3_both,42,50001886,1510,final,20000,20000,experiments/strata_two_factor_explore_cycle_3/reward_both_state_0/results/20260909T084200Z-e5f5f91b/checkpoint_probes/steps_050001886/probe_battery.json,layer_1,factor_1,shuffled_training_labels,/layers/layer_1/shuffled_training_labels/factor_1,0.05522735088240198,0.05476200596903371,1.0084975870612083,-0.00849758706120829,-0.00849758706120829,0.11723008793862313,0.11554317001205816,-0.014599893064981107,-0.014599893064981107,1e-15,10,"{""0.0001"": 0.05607336248506637, ""0.01"": 0.056765040347617535, ""1e-06"": 0.05607336248506637, ""1e-08"": 0.05607336248506637, ""1e-10"": 0.05607336248506637, ""1e-15"": 0.05607336248506637}"
explore_cycle_3_both,42,50001886,1510,final,20000,20000,experiments/strata_two_factor_explore_cycle_3/reward_both_state_0/results/20260909T084200Z-e5f5f91b/checkpoint_probes/steps_050001886/probe_battery.json,layer_1,factor_2,shuffled_training_labels,/layers/layer_1/shuffled_training_labels/factor_2,0.051691221683845046,0.05153881762409579,1.0029570732658408,-0.002957073265840826,-0.002957073265840826,0.10069321936007049,0.10063558307195822,-0.0005727227522600575,-0.0005727227522600575,1e-15,10,"{""0.0001"": 0.05112136464959679, ""0.01"": 0.05179733479787289, ""1e-06"": 0.05112136464959679, ""1e-08"": 0.05112136464959679, ""1e-10"": 0.05112136464959679, ""1e-15"": 0.05112136464959679}"
explore_cycle_3_both,42,50001886,1510,final,20000,20000,experiments/strata_two_factor_explore_cycle_3/reward_both_state_0/results/20260909T084200Z-e5f5f91b/checkpoint_probes/steps_050001886/probe_battery.json,layer_2,factor_1,probe_fits,/layers/layer_2/probe_fits/factor_1,0.02217956178781301,0.05476200596903371,0.40501733629617026,0.5949826637038298,0.5949826637038298,0.044233235011253105,0.11554317001205816,0.6171713567609673,0.6171713567609673,1e-15,10,"{""0.0001"": 0.022614638912659052, ""0.01"": 0.029332299044241623, ""1e-06"": 0.022614638912659052, ""1e-08"": 0.022614638912659052, ""1e-10"": 0.022614638912659052, ""1e-15"": 0.022614638912659052}"
explore_cycle_3_both,42,50001886,1510,final,20000,20000,experiments/strata_two_factor_explore_cycle_3/reward_both_state_0/results/20260909T084200Z-e5f5f91b/checkpoint_probes/steps_050001886/probe_battery.json,layer_2,factor_2,probe_fits,/layers/layer_2/probe_fits/factor_2,0.02027624727702859,0.05153881762409579,0.39341700511866023,0.6065829948813397,0.6065829948813397,0.04324516529154838,0.10063558307195822,0.5702795773476419,0.5702795773476419,1e-15,10,"{""0.0001"": 0.019219333092136755, ""0.01"": 0.0230862376977397, ""1e-06"": 0.019219333092136755, ""1e-08"": 0.019219333092136755, ""1e-10"": 0.019219333092136755, ""1e-15"": 0.019219333092136755}"
explore_cycle_3_both,42,50001886,1510,final,20000,20000,experiments/strata_two_factor_explore_cycle_3/reward_both_state_0/results/20260909T084200Z-e5f5f91b/checkpoint_probes/steps_050001886/probe_battery.json,layer_2,factor_1,shuffled_training_labels,/layers/layer_2/shuffled_training_labels/factor_1,0.0552019715608541,0.05476200596903371,1.0080341394372803,-0.008034139437280263,-0.008034139437280263,0.11730510366254275,0.11554317001205816,-0.015249137186565953,-0.015249137186565953,1e-15,10,"{""0.0001"": 0.05605425286984748, ""0.01"": 0.0573769364291566, ""1e-06"": 0.05605425286984748, ""1e-08"": 0.05605425286984748, ""1e-10"": 0.05605425286984748, ""1e-15"": 0.05605425286984748}"
explore_cycle_3_both,42,50001886,1510,final,20000,20000,experiments/strata_two_factor_explore_cycle_3/reward_both_state_0/results/20260909T084200Z-e5f5f91b/checkpoint_probes/steps_050001886/probe_battery.json,layer_2,factor_2,shuffled_training_labels,/layers/layer_2/shuffled_training_labels/factor_2,0.05179946690874844,0.05153881762409579,1.0050573392380424,-0.005057339238042413,-0.005057339238042413,0.10105564955237141,0.10063558307195822,-0.0041741347105113125,-0.00417413471051109,1e-15,10,"{""0.0001"": 0.051074094173242865, ""0.01"": 0.05241529372450639, ""1e-06"": 0.051074094173242865, ""1e-08"": 0.051074094173242865, ""1e-10"": 0.051074094173242865, ""1e-15"": 0.051074094173242865}"
explore_cycle_3_both,42,50001886,1510,final,20000,20000,experiments/strata_two_factor_explore_cycle_3/reward_both_state_0/results/20260909T084200Z-e5f5f91b/checkpoint_probes/steps_050001886/probe_battery.json,layer_3,factor_1,probe_fits,/layers/layer_3/probe_fits/factor_1,0.02310632484232245,0.05476200596903371,0.42194080427565767,0.5780591957243424,0.5780591957243424,0.04538973020472673,0.11554317001205816,0.6071621524665645,0.6071621524665645,1e-15,10,"{""0.0001"": 0.023838984671271678, ""0.01"": 0.029493079869293243, ""1e-06"": 0.023838984671271678, ""1e-08"": 0.023838984671271678, ""1e-10"": 0.023838984671271678, ""1e-15"": 0.023838984671271678}"
explore_cycle_3_both,42,50001886,1510,final,20000,20000,experiments/strata_two_factor_explore_cycle_3/reward_both_state_0/results/20260909T084200Z-e5f5f91b/checkpoint_probes/steps_050001886/probe_battery.json,layer_3,factor_2,probe_fits,/layers/layer_3/probe_fits/factor_2,0.0196112206487459,0.05153881762409579,0.38051359252714256,0.6194864074728574,0.6194864074728574,0.04184434644940405,0.10063558307195822,0.5841992944038117,0.5841992944038117,1e-15,10,"{""0.0001"": 0.018633450690194515, ""0.01"": 0.021953557689974805, ""1e-06"": 0.018633450690194515, ""1e-08"": 0.018633450690194515, ""1e-10"": 0.018633450690194515, ""1e-15"": 0.018633450690194515}"
explore_cycle_3_both,42,50001886,1510,final,20000,20000,experiments/strata_two_factor_explore_cycle_3/reward_both_state_0/results/20260909T084200Z-e5f5f91b/checkpoint_probes/steps_050001886/probe_battery.json,layer_3,factor_1,shuffled_training_labels,/layers/layer_3/shuffled_training_labels/factor_1,0.055289826255256476,0.05476200596903371,1.0096384395874984,-0.009638439587498437,-0.009638439587498437,0.11739666022510387,0.11554317001205816,-0.016041538524971033,-0.016041538524971033,1e-15,10,"{""0.0001"": 0.05606147398783817, ""0.01"": 0.056083791380669046, ""1e-06"": 0.05606147398783817, ""1e-08"": 0.05606147398783817, ""1e-10"": 0.05606147398783817, ""1e-15"": 0.05606147398783817}"
explore_cycle_3_both,42,50001886,1510,final,20000,20000,experiments/strata_two_factor_explore_cycle_3/reward_both_state_0/results/20260909T084200Z-e5f5f91b/checkpoint_probes/steps_050001886/probe_battery.json,layer_3,factor_2,shuffled_training_labels,/layers/layer_3/shuffled_training_labels/factor_2,0.05179900447876042,0.05153881762409579,1.0050483667778787,-0.005048366777878677,-0.005048366777878677,0.10108199421600421,0.10063558307195822,-0.004435917499745479,-0.004435917499745479,1e-15,10,"{""0.0001"": 0.05109172220408866, ""0.01"": 0.05113079378974798, ""1e-06"": 0.05109172220408866, ""1e-08"": 0.05109172220408866, ""1e-10"": 0.05109172220408866, ""1e-15"": 0.05109172220408866}"
explore_cycle_3_both,42,50001886,1510,final,20000,20000,experiments/strata_two_factor_explore_cycle_3/reward_both_state_0/results/20260909T084200Z-e5f5f91b/checkpoint_probes/steps_050001886/probe_battery.json,control,factor_1,current_token_preceding_action,/controls/current_token_preceding_action/factor_1,0.03727166222075786,0.05476200596903371,0.6806117044330677,0.3193882955669324,0.31938829556693227,0.07811326323154127,0.11554317001205816,0.3239473763495556,0.3239473763495555,,,
explore_cycle_3_both,42,50001886,1510,final,20000,20000,experiments/strata_two_factor_explore_cycle_3/reward_both_state_0/results/20260909T084200Z-e5f5f91b/checkpoint_probes/steps_050001886/probe_battery.json,control,factor_2,current_token_preceding_action,/controls/current_token_preceding_action/factor_2,0.042292655744794586,0.05153881762409579,0.820598098568362,0.17940190143163803,0.17940190143163803,0.0906477949091403,0.10063558307195822,0.09924708396309767,0.09924708396309767,,,
explore_cycle_3_both,42,50001886,1510,final,20000,20000,experiments/strata_two_factor_explore_cycle_3/reward_both_state_0/results/20260909T084200Z-e5f5f91b/checkpoint_probes/steps_050001886/probe_battery.json,control,factor_1,log_ntp,/controls/log_ntp/factor_1,0.03163163501071257,0.05476200596903371,0.5776200935480581,0.422379906451942,0.4223799064519419,0.0929032972216345,0.11554317001205816,0.1959429777464211,0.1959429777464211,1e-15,10,"{""0.0001"": 0.031413277075184674, ""0.01"": 0.031413277075184674, ""1e-06"": 0.031413277075184674, ""1e-08"": 0.031413277075184674, ""1e-10"": 0.031413277075184674, ""1e-15"": 0.031413277075184674}"
explore_cycle_3_both,42,50001886,1510,final,20000,20000,experiments/strata_two_factor_explore_cycle_3/reward_both_state_0/results/20260909T084200Z-e5f5f91b/checkpoint_probes/steps_050001886/probe_battery.json,control,factor_2,log_ntp,/controls/log_ntp/factor_2,0.01892349839537129,0.05153881762409579,0.3671698201032079,0.6328301798967921,0.6328301798967921,0.05525694666926725,0.10063558307195822,0.45092039035778775,0.45092039035778775,1e-15,10,"{""0.0001"": 0.013839376431180928, ""0.01"": 0.013839376431180928, ""1e-06"": 0.013839376431180928, ""1e-08"": 0.013839376431180928, ""1e-10"": 0.013839376431180928, ""1e-15"": 0.013839376431180928}"
explore_cycle_3_both,42,50001886,1510,final,20000,20000,experiments/strata_two_factor_explore_cycle_3/reward_both_state_0/results/20260909T084200Z-e5f5f91b/checkpoint_probes/steps_050001886/probe_battery.json,control,factor_1,ntp,/controls/ntp/factor_1,0.03853577350088851,0.05476200596903371,0.7036954329737181,0.29630456702628205,0.29630456702628194,0.11560732050266552,0.11554317001205816,-0.0005552079850386082,-0.0005552079850386082,1e-15,10,"{""0.0001"": 0.03849472551477938, ""0.01"": 0.03849472551477938, ""1e-06"": 0.03849472551477938, ""1e-08"": 0.03849472551477938, ""1e-10"": 0.03849472551477938, ""1e-15"": 0.03849472551477938}"
explore_cycle_3_both,42,50001886,1510,final,20000,20000,experiments/strata_two_factor_explore_cycle_3/reward_both_state_0/results/20260909T084200Z-e5f5f91b/checkpoint_probes/steps_050001886/probe_battery.json,control,factor_2,ntp,/controls/ntp/factor_2,0.03317942916839561,0.05153881762409579,0.6437755210139577,0.35622447898604226,0.35622447898604226,0.09953828750518684,0.10063558307195822,0.010903653889368092,0.010903653889368092,1e-15,10,"{""0.0001"": 0.03297391088432112, ""0.01"": 0.03297391088432112, ""1e-06"": 0.03297391088432112, ""1e-08"": 0.03297391088432112, ""1e-10"": 0.03297391088432112, ""1e-15"": 0.03297391088432112}"
explore_cycle_3_both,42,50001886,1510,final,20000,20000,experiments/strata_two_factor_explore_cycle_3/reward_both_state_0/results/20260909T084200Z-e5f5f91b/checkpoint_probes/steps_050001886/probe_battery.json,control,factor_1,train_mean,/controls/train_mean/factor_1,0.054773487997389264,0.05476200596903371,1.000209671434645,-0.00020967143464467597,-0.00020967143464489801,0.11554359841553391,0.11554317001205816,-3.707735175551008e-06,-3.707735175551008e-06,,,
explore_cycle_3_both,42,50001886,1510,final,20000,20000,experiments/strata_two_factor_explore_cycle_3/reward_both_state_0/results/20260909T084200Z-e5f5f91b/checkpoint_probes/steps_050001886/probe_battery.json,control,factor_2,train_mean,/controls/train_mean/factor_2,0.05154030472973967,0.05153881762409579,1.0000288540892561,-2.8854089256125093e-05,-2.8854089256125093e-05,0.10063931394352456,0.10063558307195822,-3.707308540823462e-05,-3.707308540823462e-05,,,
explore_cycle_3_factor_1,42,0,0,initial,20000,20000,experiments/strata_two_factor_explore_cycle_3/reward_factor_1_state_0/results/20260909T084527Z-64ab39a1/checkpoint_probes/steps_000000000/probe_battery.json,layer_1,factor_1,probe_fits,/layers/layer_1/probe_fits/factor_1,0.1309796217442726,0.1782648981297332,0.7347471269916049,0.26525287300839506,0.26525287300839506,0.19903647876013822,0.2681694260417247,0.2577957834418829,0.2577957834418829,1e-15,10,"{""0.0001"": 0.1312362820816642, ""0.01"": 0.1496952247358437, ""1e-06"": 0.1312362820816642, ""1e-08"": 0.1312362820816642, ""1e-10"": 0.1312362820816642, ""1e-15"": 0.1312362820816642}"
explore_cycle_3_factor_1,42,0,0,initial,20000,20000,experiments/strata_two_factor_explore_cycle_3/reward_factor_1_state_0/results/20260909T084527Z-64ab39a1/checkpoint_probes/steps_000000000/probe_battery.json,layer_1,factor_2,probe_fits,/layers/layer_1/probe_fits/factor_2,0.1313627270644506,0.17981306599866392,0.7305516222354312,0.26944837776456865,0.26944837776456876,0.1936274975574512,0.2690431533314115,0.2803106298752829,0.280310629875283,1e-15,10,"{""0.0001"": 0.1327416100366244, ""0.01"": 0.14207118196749396, ""1e-06"": 0.1327416100366244, ""1e-08"": 0.1327416100366244, ""1e-10"": 0.1327416100366244, ""1e-15"": 0.1327416100366244}"
explore_cycle_3_factor_1,42,0,0,initial,20000,20000,experiments/strata_two_factor_explore_cycle_3/reward_factor_1_state_0/results/20260909T084527Z-64ab39a1/checkpoint_probes/steps_000000000/probe_battery.json,layer_1,factor_1,shuffled_training_labels,/layers/layer_1/shuffled_training_labels/factor_1,0.1788348199979695,0.1782648981297332,1.0031970504244843,-0.00319705042448426,-0.00319705042448426,0.2695001425527655,0.2681694260417247,-0.0049622230642867304,-0.0049622230642867304,0.01,10,"{""0.0001"": 0.1793474683146558, ""0.01"": 0.17901688843520785, ""1e-06"": 0.1793474683146558, ""1e-08"": 0.1793474683146558, ""1e-10"": 0.1793474683146558, ""1e-15"": 0.1793474683146558}"
explore_cycle_3_factor_1,42,0,0,initial,20000,20000,experiments/strata_two_factor_explore_cycle_3/reward_factor_1_state_0/results/20260909T084527Z-64ab39a1/checkpoint_probes/steps_000000000/probe_battery.json,layer_1,factor_2,shuffled_training_labels,/layers/layer_1/shuffled_training_labels/factor_2,0.18225766248253386,0.17981306599866392,1.0135952105053818,-0.013595210505381594,-0.013595210505381816,0.2719510609649505,0.2690431533314115,-0.0108083316655041,-0.0108083316655041,0.01,10,"{""0.0001"": 0.18103120723135574, ""0.01"": 0.18070024172695687, ""1e-06"": 0.18103120723135574, ""1e-08"": 0.18103120723135574, ""1e-10"": 0.18103120723135574, ""1e-15"": 0.18103120723135574}"
explore_cycle_3_factor_1,42,0,0,initial,20000,20000,experiments/strata_two_factor_explore_cycle_3/reward_factor_1_state_0/results/20260909T084527Z-64ab39a1/checkpoint_probes/steps_000000000/probe_battery.json,layer_2,factor_1,probe_fits,/layers/layer_2/probe_fits/factor_1,0.13188337125445249,0.1782648981297332,0.7398168267455194,0.2601831732544806,0.2601831732544806,0.20093721097168823,0.2681694260417247,0.25070797988573,0.25070797988573,1e-15,10,"{""0.0001"": 0.13146513126751885, ""0.01"": 0.13651070449561736, ""1e-06"": 0.13146513126751885, ""1e-08"": 0.13146513126751885, ""1e-10"": 0.13146513126751885, ""1e-15"": 0.13146513126751885}"
explore_cycle_3_factor_1,42,0,0,initial,20000,20000,experiments/strata_two_factor_explore_cycle_3/reward_factor_1_state_0/results/20260909T084527Z-64ab39a1/checkpoint_probes/steps_000000000/probe_battery.json,layer_2,factor_2,probe_fits,/layers/layer_2/probe_fits/factor_2,0.13345141660451543,0.17981306599866392,0.7421675163778533,0.2578324836221466,0.2578324836221467,0.19749186157256512,0.2690431533314115,0.26594726858077067,0.26594726858077067,1e-15,10,"{""0.0001"": 0.13485006745849898, ""0.01"": 0.14037767126729753, ""1e-06"": 0.13485006745849898, ""1e-08"": 0.13485006745849898, ""1e-10"": 0.13485006745849898, ""1e-15"": 0.13485006745849898}"
explore_cycle_3_factor_1,42,0,0,initial,20000,20000,experiments/strata_two_factor_explore_cycle_3/reward_factor_1_state_0/results/20260909T084527Z-64ab39a1/checkpoint_probes/steps_000000000/probe_battery.json,layer_2,factor_1,shuffled_training_labels,/layers/layer_2/shuffled_training_labels/factor_1,0.1794150292473302,0.1782648981297332,1.0064518092437917,-0.00645180924379174,-0.00645180924379174,0.2699879705474048,0.2681694260417247,-0.006781326762421935,-0.006781326762421935,0.01,10,"{""0.0001"": 0.17933539316687214, ""0.01"": 0.17907347705691865, ""1e-06"": 0.17933539316687214, ""1e-08"": 0.17933539316687214, ""1e-10"": 0.17933539316687214, ""1e-15"": 0.17933539316687214}"
explore_cycle_3_factor_1,42,0,0,initial,20000,20000,experiments/strata_two_factor_explore_cycle_3/reward_factor_1_state_0/results/20260909T084527Z-64ab39a1/checkpoint_probes/steps_000000000/probe_battery.json,layer_2,factor_2,shuffled_training_labels,/layers/layer_2/shuffled_training_labels/factor_2,0.18216587271031234,0.17981306599866392,1.0130847371884861,-0.013084737188485907,-0.013084737188486129,0.2709062789452254,0.2690431533314115,-0.006925006604865613,-0.006925006604865613,0.01,10,"{""0.0001"": 0.18101929361004795, ""0.01"": 0.18068380901799794, ""1e-06"": 0.18101929361004795, ""1e-08"": 0.18101929361004795, ""1e-10"": 0.18101929361004795, ""1e-15"": 0.18101929361004795}"
explore_cycle_3_factor_1,42,0,0,initial,20000,20000,experiments/strata_two_factor_explore_cycle_3/reward_factor_1_state_0/results/20260909T084527Z-64ab39a1/checkpoint_probes/steps_000000000/probe_battery.json,layer_3,factor_1,probe_fits,/layers/layer_3/probe_fits/factor_1,0.13318889798401876,0.1782648981297332,0.7471403477710449,0.2528596522289551,0.2528596522289551,0.20276302011876088,0.2681694260417247,0.2438995633782175,0.2438995633782175,1e-15,10,"{""0.0001"": 0.13266389446805132, ""0.01"": 0.13678270055927927, ""1e-06"": 0.13266389446805132, ""1e-08"": 0.13266389446805132, ""1e-10"": 0.13266389446805132, ""1e-15"": 0.13266389446805132}"
explore_cycle_3_factor_1,42,0,0,initial,20000,20000,experiments/strata_two_factor_explore_cycle_3/reward_factor_1_state_0/results/20260909T084527Z-64ab39a1/checkpoint_probes/steps_000000000/probe_battery.json,layer_3,factor_2,probe_fits,/layers/layer_3/probe_fits/factor_2,0.13336040165753693,0.17981306599866392,0.7416613521206954,0.2583386478793046,0.2583386478793046,0.19486676629553548,0.2690431533314115,0.27570442182746935,0.27570442182746946,1e-15,10,"{""0.0001"": 0.13507080775585825, ""0.01"": 0.13958270914691412, ""1e-06"": 0.13507080775585825, ""1e-08"": 0.13507080775585825, ""1e-10"": 0.13507080775585825, ""1e-15"": 0.13507080775585825}"
explore_cycle_3_factor_1,42,0,0,initial,20000,20000,experiments/strata_two_factor_explore_cycle_3/reward_factor_1_state_0/results/20260909T084527Z-64ab39a1/checkpoint_probes/steps_000000000/probe_battery.json,layer_3,factor_1,shuffled_training_labels,/layers/layer_3/shuffled_training_labels/factor_1,0.17949018149268448,0.1782648981297332,1.0068733854831005,-0.006873385483100236,-0.006873385483100458,0.27104379073914087,0.2681694260417247,-0.010718465336793992,-0.010718465336793992,0.01,10,"{""0.0001"": 0.17942764033955635, ""0.01"": 0.179114485886548, ""1e-06"": 0.17942764033955635, ""1e-08"": 0.17942764033955635, ""1e-10"": 0.17942764033955635, ""1e-15"": 0.17942764033955635}"
explore_cycle_3_factor_1,42,0,0,initial,20000,20000,experiments/strata_two_factor_explore_cycle_3/reward_factor_1_state_0/results/20260909T084527Z-64ab39a1/checkpoint_probes/steps_000000000/probe_battery.json,layer_3,factor_2,shuffled_training_labels,/layers/layer_3/shuffled_training_labels/factor_2,0.18225119303124948,0.17981306599866392,1.0135592317446145,-0.013559231744614486,-0.013559231744614486,0.27171768899499454,0.2690431533314115,-0.009940917025636153,-0.009940917025636153,0.01,10,"{""0.0001"": 0.18099309398092217, ""0.01"": 0.18072373616705736, ""1e-06"": 0.18099309398092217, ""1e-08"": 0.18099309398092217, ""1e-10"": 0.18099309398092217, ""1e-15"": 0.18099309398092217}"
explore_cycle_3_factor_1,42,0,0,initial,20000,20000,experiments/strata_two_factor_explore_cycle_3/reward_factor_1_state_0/results/20260909T084527Z-64ab39a1/checkpoint_probes/steps_000000000/probe_battery.json,control,factor_1,current_token_preceding_action,/controls/current_token_preceding_action/factor_1,0.1284142892218239,0.1782648981297332,0.7203565624476993,0.2796434375523007,0.2796434375523007,0.19714797453331834,0.2681694260417247,0.26483798901578026,0.26483798901578026,,,
explore_cycle_3_factor_1,42,0,0,initial,20000,20000,experiments/strata_two_factor_explore_cycle_3/reward_factor_1_state_0/results/20260909T084527Z-64ab39a1/checkpoint_probes/steps_000000000/probe_battery.json,control,factor_2,current_token_preceding_action,/controls/current_token_preceding_action/factor_2,0.12907432039006364,0.17981306599866392,0.7178250349783964,0.28217496502160355,0.28217496502160355,0.1897236629104166,0.2690431533314115,0.29482069860847915,0.29482069860847915,,,
explore_cycle_3_factor_1,42,0,0,initial,20000,20000,experiments/strata_two_factor_explore_cycle_3/reward_factor_1_state_0/results/20260909T084527Z-64ab39a1/checkpoint_probes/steps_000000000/probe_battery.json,control,factor_1,log_ntp,/controls/log_ntp/factor_1,0.07709750051298789,0.1782648981297332,0.4324883996897683,0.5675116003102316,0.5675116003102316,0.22477055301852025,0.2681694260417247,0.16183378420048533,0.16183378420048522,1e-15,10,"{""0.0001"": 0.07726343757163746, ""0.01"": 0.07726343757163746, ""1e-06"": 0.07726343757163746, ""1e-08"": 0.07726343757163746, ""1e-10"": 0.07726343757163746, ""1e-15"": 0.07726343757163746}"
explore_cycle_3_factor_1,42,0,0,initial,20000,20000,experiments/strata_two_factor_explore_cycle_3/reward_factor_1_state_0/results/20260909T084527Z-64ab39a1/checkpoint_probes/steps_000000000/probe_battery.json,control,factor_2,log_ntp,/controls/log_ntp/factor_2,0.07713803962064275,0.17981306599866392,0.4289901803977688,0.5710098196022311,0.5710098196022312,0.22500003598474905,0.2690431533314115,0.1637027993513347,0.1637027993513347,1e-15,10,"{""0.0001"": 0.07749699741968347, ""0.01"": 0.07749699741968347, ""1e-06"": 0.07749699741968347, ""1e-08"": 0.07749699741968347, ""1e-10"": 0.07749699741968347, ""1e-15"": 0.07749699741968347}"
explore_cycle_3_factor_1,42,0,0,initial,20000,20000,experiments/strata_two_factor_explore_cycle_3/reward_factor_1_state_0/results/20260909T084527Z-64ab39a1/checkpoint_probes/steps_000000000/probe_battery.json,control,factor_1,ntp,/controls/ntp/factor_1,0.08939253267559351,0.1782648981297332,0.5014589726494424,0.4985410273505576,0.4985410273505576,0.26817759802678054,0.2681694260417247,-3.047321678861792e-05,-3.0473216788395874e-05,1e-15,10,"{""0.0001"": 0.08934286426314825, ""0.01"": 0.08934286426314825, ""1e-06"": 0.08934286426314825, ""1e-08"": 0.08934286426314825, ""1e-10"": 0.08934286426314825, ""1e-15"": 0.08934286426314825}"
explore_cycle_3_factor_1,42,0,0,initial,20000,20000,experiments/strata_two_factor_explore_cycle_3/reward_factor_1_state_0/results/20260909T084527Z-64ab39a1/checkpoint_probes/steps_000000000/probe_battery.json,control,factor_2,ntp,/controls/ntp/factor_2,0.08967085666240089,0.17981306599866392,0.49868932585281195,0.501310674147188,0.501310674147188,0.26901256998720274,0.2690431533314115,0.0001136744935897882,0.0001136744935897882,1e-15,10,"{""0.0001"": 0.09023581850886522, ""0.01"": 0.09023581850886522, ""1e-06"": 0.09023581850886522, ""1e-08"": 0.09023581850886522, ""1e-10"": 0.09023581850886522, ""1e-15"": 0.09023581850886522}"
explore_cycle_3_factor_1,42,0,0,initial,20000,20000,experiments/strata_two_factor_explore_cycle_3/reward_factor_1_state_0/results/20260909T084527Z-64ab39a1/checkpoint_probes/steps_000000000/probe_battery.json,control,factor_1,train_mean,/controls/train_mean/factor_1,0.17826764664666786,0.1782648981297332,1.0000154181611944,-1.5418161194435953e-05,-1.5418161194435953e-05,0.2681771949779592,0.2681694260417247,-2.8970253429516646e-05,-2.8970253429516646e-05,,,
explore_cycle_3_factor_1,42,0,0,initial,20000,20000,experiments/strata_two_factor_explore_cycle_3/reward_factor_1_state_0/results/20260909T084527Z-64ab39a1/checkpoint_probes/steps_000000000/probe_battery.json,control,factor_2,train_mean,/controls/train_mean/factor_2,0.1798143166718973,0.17981306599866392,1.0000069554079756,-6.955407975572925e-06,-6.955407975572925e-06,0.2690468566630792,0.2690431533314115,-1.3764824050799263e-05,-1.3764824051021307e-05,,,
explore_cycle_3_factor_1,42,30001054,907,final,20000,20000,experiments/strata_two_factor_explore_cycle_3/reward_factor_1_state_0/results/20260909T084527Z-64ab39a1/checkpoint_probes/steps_030001054/probe_battery.json,layer_1,factor_1,probe_fits,/layers/layer_1/probe_fits/factor_1,0.03069066224522411,0.1821644965425569,0.16847773758183565,0.8315222624181644,0.8315222624181644,0.04500710467764425,0.27825002440559066,0.83824941336918,0.83824941336918,1e-15,10,"{""0.0001"": 0.029872645854143825, ""0.01"": 0.06430523661261137, ""1e-06"": 0.02661496611000852, ""1e-08"": 0.02661496611000852, ""1e-10"": 0.02661496611000852, ""1e-15"": 0.02661496611000852}"
explore_cycle_3_factor_1,42,30001054,907,final,20000,20000,experiments/strata_two_factor_explore_cycle_3/reward_factor_1_state_0/results/20260909T084527Z-64ab39a1/checkpoint_probes/steps_030001054/probe_battery.json,layer_1,factor_2,probe_fits,/layers/layer_1/probe_fits/factor_2,0.06933079224485154,0.16478958793694207,0.42072313616914603,0.579276863830854,0.579276863830854,0.16402813523655832,0.21777477122257524,0.24679918470025863,0.24679918470025863,1e-15,10,"{""0.0001"": 0.07329965057375468, ""0.01"": 0.09870033387639651, ""1e-06"": 0.06588754232937473, ""1e-08"": 0.06588754232937473, ""1e-10"": 0.06588754232937473, ""1e-15"": 0.06588754232937473}"
explore_cycle_3_factor_1,42,30001054,907,final,20000,20000,experiments/strata_two_factor_explore_cycle_3/reward_factor_1_state_0/results/20260909T084527Z-64ab39a1/checkpoint_probes/steps_030001054/probe_battery.json,layer_1,factor_1,shuffled_training_labels,/layers/layer_1/shuffled_training_labels/factor_1,0.18315489659158932,0.1821644965425569,1.005436844543421,-0.005436844543420971,-0.005436844543420971,0.28082494102942146,0.27825002440559066,-0.009253967288346043,-0.009253967288346043,0.01,10,"{""0.0001"": 0.18345739338707162, ""0.01"": 0.18296613108072018, ""1e-06"": 0.1836470053308726, ""1e-08"": 0.1836470053308726, ""1e-10"": 0.1836470053308726, ""1e-15"": 0.1836470053308726}"
explore_cycle_3_factor_1,42,30001054,907,final,20000,20000,experiments/strata_two_factor_explore_cycle_3/reward_factor_1_state_0/results/20260909T084527Z-64ab39a1/checkpoint_probes/steps_030001054/probe_battery.json,layer_1,factor_2,shuffled_training_labels,/layers/layer_1/shuffled_training_labels/factor_2,0.1649434602315386,0.16478958793694207,1.0009337501023148,-0.0009337501023147787,-0.0009337501023147787,0.2188213862244525,0.21777477122257524,-0.00480595156179775,-0.004805951561797528,0.01,10,"{""0.0001"": 0.16601483171210651, ""0.01"": 0.16576079958663437, ""1e-06"": 0.16620383137446376, ""1e-08"": 0.16620383137446376, ""1e-10"": 0.16620383137446376, ""1e-15"": 0.16620383137446376}"
explore_cycle_3_factor_1,42,30001054,907,final,20000,20000,experiments/strata_two_factor_explore_cycle_3/reward_factor_1_state_0/results/20260909T084527Z-64ab39a1/checkpoint_probes/steps_030001054/probe_battery.json,layer_2,factor_1,probe_fits,/layers/layer_2/probe_fits/factor_1,0.02452379511584021,0.1821644965425569,0.13462444977641957,0.8653755502235805,0.8653755502235805,0.042093168010204275,0.27825002440559066,0.8487217814261635,0.8487217814261635,1e-15,10,"{""0.0001"": 0.028833392458714628, ""0.01"": 0.08654339170286048, ""1e-06"": 0.024020596528276345, ""1e-08"": 0.024020596528276345, ""1e-10"": 0.024020596528276345, ""1e-15"": 0.024020596528276345}"
explore_cycle_3_factor_1,42,30001054,907,final,20000,20000,experiments/strata_two_factor_explore_cycle_3/reward_factor_1_state_0/results/20260909T084527Z-64ab39a1/checkpoint_probes/steps_030001054/probe_battery.json,layer_2,factor_2,probe_fits,/layers/layer_2/probe_fits/factor_2,0.07031228645091742,0.16478958793694207,0.4266791811981648,0.5733208188018353,0.5733208188018353,0.17979368175478228,0.21777477122257524,0.17440536961453001,0.17440536961453013,1e-15,10,"{""0.0001"": 0.07869691377602979, ""0.01"": 0.16440548136561575, ""1e-06"": 0.0683116102277951, ""1e-08"": 0.0683116102277951, ""1e-10"": 0.0683116102277951, ""1e-15"": 0.0683116102277951}"
explore_cycle_3_factor_1,42,30001054,907,final,20000,20000,experiments/strata_two_factor_explore_cycle_3/reward_factor_1_state_0/results/20260909T084527Z-64ab39a1/checkpoint_probes/steps_030001054/probe_battery.json,layer_2,factor_1,shuffled_training_labels,/layers/layer_2/shuffled_training_labels/factor_1,0.18429510655484865,0.1821644965425569,1.0116960771869945,-0.011696077186994502,-0.011696077186994502,0.2806061439749344,0.27825002440559066,-0.00846763472663481,-0.008467634726634587,0.01,10,"{""0.0001"": 0.18332551496520247, ""0.01"": 0.18291395764641058, ""1e-06"": 0.1836781179490483, ""1e-08"": 0.1836781179490483, ""1e-10"": 0.1836781179490483, ""1e-15"": 0.1836781179490483}"
explore_cycle_3_factor_1,42,30001054,907,final,20000,20000,experiments/strata_two_factor_explore_cycle_3/reward_factor_1_state_0/results/20260909T084527Z-64ab39a1/checkpoint_probes/steps_030001054/probe_battery.json,layer_2,factor_2,shuffled_training_labels,/layers/layer_2/shuffled_training_labels/factor_2,0.16527681740205977,0.16478958793694207,1.0029566762755917,-0.0029566762755917075,-0.0029566762755917075,0.2187053207418835,0.21777477122257524,-0.004272990457453885,-0.004272990457453885,0.01,10,"{""0.0001"": 0.1659957540439302, ""0.01"": 0.1657336813988922, ""1e-06"": 0.1663042492586757, ""1e-08"": 0.1663042492586757, ""1e-10"": 0.1663042492586757, ""1e-15"": 0.1663042492586757}"
explore_cycle_3_factor_1,42,30001054,907,final,20000,20000,experiments/strata_two_factor_explore_cycle_3/reward_factor_1_state_0/results/20260909T084527Z-64ab39a1/checkpoint_probes/steps_030001054/probe_battery.json,layer_3,factor_1,probe_fits,/layers/layer_3/probe_fits/factor_1,0.01503712987804807,0.1821644965425569,0.08254698453018877,0.9174530154698113,0.9174530154698113,0.02242959901322579,0.27825002440559066,0.9193904868071769,0.9193904868071769,1e-15,10,"{""0.0001"": 0.021631380665553507, ""0.01"": 0.09883459405249936, ""1e-06"": 0.014660875507172683, ""1e-08"": 0.014660875507172683, ""1e-10"": 0.014660875507172683, ""1e-15"": 0.014660875507172683}"
explore_cycle_3_factor_1,42,30001054,907,final,20000,20000,experiments/strata_two_factor_explore_cycle_3/reward_factor_1_state_0/results/20260909T084527Z-64ab39a1/checkpoint_probes/steps_030001054/probe_battery.json,layer_3,factor_2,probe_fits,/layers/layer_3/probe_fits/factor_2,0.07027092791162741,0.16478958793694207,0.4264282033311297,0.5735717966688703,0.5735717966688703,0.17930783532684236,0.21777477122257524,0.17663632788950567,0.17663632788950567,1e-15,10,"{""0.0001"": 0.08130185006840254, ""0.01"": 0.16564517154060004, ""1e-06"": 0.06837158950602572, ""1e-08"": 0.06837158950602572, ""1e-10"": 0.06837158950602572, ""1e-15"": 0.06837158950602572}"
explore_cycle_3_factor_1,42,30001054,907,final,20000,20000,experiments/strata_two_factor_explore_cycle_3/reward_factor_1_state_0/results/20260909T084527Z-64ab39a1/checkpoint_probes/steps_030001054/probe_battery.json,layer_3,factor_1,shuffled_training_labels,/layers/layer_3/shuffled_training_labels/factor_1,0.1835691322653201,0.1821644965425569,1.0077108094575116,-0.007710809457511569,-0.007710809457511569,0.2799818688148178,0.27825002440559066,-0.006224058427045209,-0.006224058427045209,0.01,10,"{""0.0001"": 0.18324993104911097, ""0.01"": 0.1828853049178749, ""1e-06"": 0.18360287816427404, ""1e-08"": 0.18360287816427404, ""1e-10"": 0.18360287816427404, ""1e-15"": 0.18360287816427404}"
explore_cycle_3_factor_1,42,30001054,907,final,20000,20000,experiments/strata_two_factor_explore_cycle_3/reward_factor_1_state_0/results/20260909T084527Z-64ab39a1/checkpoint_probes/steps_030001054/probe_battery.json,layer_3,factor_2,shuffled_training_labels,/layers/layer_3/shuffled_training_labels/factor_2,0.1653159924448351,0.16478958793694207,1.0031944039334237,-0.0031944039334237395,-0.0031944039334237395,0.21871367416112125,0.21777477122257524,-0.004311348524326686,-0.004311348524326686,0.01,10,"{""0.0001"": 0.1659281090891813, ""0.01"": 0.16570370281337773, ""1e-06"": 0.16623779439154476, ""1e-08"": 0.16623779439154476, ""1e-10"": 0.16623779439154476, ""1e-15"": 0.16623779439154476}"
explore_cycle_3_factor_1,42,30001054,907,final,20000,20000,experiments/strata_two_factor_explore_cycle_3/reward_factor_1_state_0/results/20260909T084527Z-64ab39a1/checkpoint_probes/steps_030001054/probe_battery.json,control,factor_1,current_token_preceding_action,/controls/current_token_preceding_action/factor_1,0.13210324843950766,0.1821644965425569,0.725186581067107,0.2748134189328931,0.274813418932893,0.1658669363218497,0.27825002440559066,0.40389246442590043,0.40389246442590043,,,
explore_cycle_3_factor_1,42,30001054,907,final,20000,20000,experiments/strata_two_factor_explore_cycle_3/reward_factor_1_state_0/results/20260909T084527Z-64ab39a1/checkpoint_probes/steps_030001054/probe_battery.json,control,factor_2,current_token_preceding_action,/controls/current_token_preceding_action/factor_2,0.1141535935162253,0.16478958793694207,0.6927233385637629,0.3072766614362371,0.3072766614362371,0.2190551787370715,0.21777477122257524,-0.005879503430576971,-0.005879503430576971,,,
explore_cycle_3_factor_1,42,30001054,907,final,20000,20000,experiments/strata_two_factor_explore_cycle_3/reward_factor_1_state_0/results/20260909T084527Z-64ab39a1/checkpoint_probes/steps_030001054/probe_battery.json,control,factor_1,log_ntp,/controls/log_ntp/factor_1,0.07562736875876284,0.1821644965425569,0.4151597605140085,0.5848402394859915,0.5848402394859915,0.221565617213717,0.27825002440559066,0.20371752819416733,0.20371752819416733,1e-15,10,"{""0.0001"": 0.07597099855645606, ""0.01"": 0.07597099855645606, ""1e-06"": 0.07597099855645606, ""1e-08"": 0.07597099855645606, ""1e-10"": 0.07597099855645606, ""1e-15"": 0.07597099855645606}"
explore_cycle_3_factor_1,42,30001054,907,final,20000,20000,experiments/strata_two_factor_explore_cycle_3/reward_factor_1_state_0/results/20260909T084527Z-64ab39a1/checkpoint_probes/steps_030001054/probe_battery.json,control,factor_2,log_ntp,/controls/log_ntp/factor_2,0.007827079776512084,0.16478958793694207,0.0474974170061471,0.9525025829938529,0.9525025829938529,0.022376218553964527,0.21777477122257524,0.8972506391426991,0.8972506391426991,1e-15,10,"{""0.0001"": 0.007391203351997851, ""0.01"": 0.007391203351997851, ""1e-06"": 0.007391203351997851, ""1e-08"": 0.007391203351997851, ""1e-10"": 0.007391203351997851, ""1e-15"": 0.007391203351997851}"
explore_cycle_3_factor_1,42,30001054,907,final,20000,20000,experiments/strata_two_factor_explore_cycle_3/reward_factor_1_state_0/results/20260909T084527Z-64ab39a1/checkpoint_probes/steps_030001054/probe_battery.json,control,factor_1,ntp,/controls/ntp/factor_1,0.0927051985473565,0.1821644965425569,0.5089092567809935,0.4910907432190065,0.4910907432190065,0.2781155937282739,0.27825002440559066,0.0004831290764626406,0.0004831290764626406,1e-15,10,"{""0.0001"": 0.09311823530565908, ""0.01"": 0.09311823530565908, ""1e-06"": 0.09311823530565908, ""1e-08"": 0.09311823530565908, ""1e-10"": 0.09311823530565908, ""1e-15"": 0.09311823530565908}"
explore_cycle_3_factor_1,42,30001054,907,final,20000,20000,experiments/strata_two_factor_explore_cycle_3/reward_factor_1_state_0/results/20260909T084527Z-64ab39a1/checkpoint_probes/steps_030001054/probe_battery.json,control,factor_2,ntp,/controls/ntp/factor_2,0.07312486469923091,0.16478958793694207,0.4437468751193957,0.5562531248806043,0.5562531248806043,0.21937459409769272,0.21777477122257524,-0.007346226866115746,-0.007346226866115746,1e-15,10,"{""0.0001"": 0.07060222098919301, ""0.01"": 0.07060222098919301, ""1e-06"": 0.07060222098919301, ""1e-08"": 0.07060222098919301, ""1e-10"": 0.07060222098919301, ""1e-15"": 0.07060222098919301}"
explore_cycle_3_factor_1,42,30001054,907,final,20000,20000,experiments/strata_two_factor_explore_cycle_3/reward_factor_1_state_0/results/20260909T084527Z-64ab39a1/checkpoint_probes/steps_030001054/probe_battery.json,control,factor_1,train_mean,/controls/train_mean/factor_1,0.18216541136028652,0.1821644965425569,1.0000050219320833,-5.021932083293379e-06,-5.021932083293379e-06,0.27825044647980485,0.27825002440559066,-1.5168883276128753e-06,-1.5168883276128753e-06,,,
explore_cycle_3_factor_1,42,30001054,907,final,20000,20000,experiments/strata_two_factor_explore_cycle_3/reward_factor_1_state_0/results/20260909T084527Z-64ab39a1/checkpoint_probes/steps_030001054/probe_battery.json,control,factor_2,train_mean,/controls/train_mean/factor_2,0.16526816896441898,0.16478958793694207,1.0029041945760557,-0.0029041945760557297,-0.0029041945760557297,0.2187099046882062,0.21777477122257524,-0.0042940394811628035,-0.0042940394811628035,,,
