run,seed,agent_steps,iteration,phase,n_fit,n_test,source,success_percent,train_probe_success_percent
token_cycle_1_context,42,0,0,initial,20000,20000,experiments/strata_token_guess_cycle_1/ppo/results/20260909T061802Z-7d4e2248/checkpoint_probes/steps_000000000/probe_battery.json,60.86,60.760000000000005
token_cycle_1_context,42,33074,1,intermediate,20000,20000,experiments/strata_token_guess_cycle_1/ppo/results/20260909T061802Z-7d4e2248/checkpoint_probes/steps_000033074/probe_battery.json,65.98,65.25999999999999
token_cycle_1_context,42,66154,2,intermediate,20000,20000,experiments/strata_token_guess_cycle_1/ppo/results/20260909T061802Z-7d4e2248/checkpoint_probes/steps_000066154/probe_battery.json,67.405,66.69
token_cycle_1_context,42,132080,4,intermediate,20000,20000,experiments/strata_token_guess_cycle_1/ppo/results/20260909T061802Z-7d4e2248/checkpoint_probes/steps_000132080/probe_battery.json,68.37,67.61
token_cycle_1_context,42,264407,8,intermediate,20000,20000,experiments/strata_token_guess_cycle_1/ppo/results/20260909T061802Z-7d4e2248/checkpoint_probes/steps_000264407/probe_battery.json,69.015,68.64
token_cycle_1_context,42,529112,16,intermediate,20000,20000,experiments/strata_token_guess_cycle_1/ppo/results/20260909T061802Z-7d4e2248/checkpoint_probes/steps_000529112/probe_battery.json,69.45,68.875
token_cycle_1_context,42,1058450,32,intermediate,20000,20000,experiments/strata_token_guess_cycle_1/ppo/results/20260909T061802Z-7d4e2248/checkpoint_probes/steps_001058450/probe_battery.json,69.60499999999999,68.87
token_cycle_1_context,42,2116834,64,intermediate,20000,20000,experiments/strata_token_guess_cycle_1/ppo/results/20260909T061802Z-7d4e2248/checkpoint_probes/steps_002116834/probe_battery.json,69.525,68.78
token_cycle_1_context,42,2513610,76,final,20000,20000,experiments/strata_token_guess_cycle_1/ppo/results/20260909T061802Z-7d4e2248/checkpoint_probes/steps_002513610/probe_battery.json,69.49,68.8
token_cycle_2,42,0,0,initial,20000,20000,experiments/strata_token_guess_cycle_2/ppo/results/20260909T083950Z-45ea794b/checkpoint_probes/steps_000000000/probe_battery.json,58.660000000000004,58.91499999999999
token_cycle_2,42,33112,1,intermediate,20000,20000,experiments/strata_token_guess_cycle_2/ppo/results/20260909T083950Z-45ea794b/checkpoint_probes/steps_000033112/probe_battery.json,65.865,66.175
token_cycle_2,42,66254,2,intermediate,20000,20000,experiments/strata_token_guess_cycle_2/ppo/results/20260909T083950Z-45ea794b/checkpoint_probes/steps_000066254/probe_battery.json,68.655,68.985
token_cycle_2,42,132518,4,intermediate,20000,20000,experiments/strata_token_guess_cycle_2/ppo/results/20260909T083950Z-45ea794b/checkpoint_probes/steps_000132518/probe_battery.json,73.83,73.72999999999999
token_cycle_2,42,265026,8,intermediate,20000,20000,experiments/strata_token_guess_cycle_2/ppo/results/20260909T083950Z-45ea794b/checkpoint_probes/steps_000265026/probe_battery.json,77.7,77.315
token_cycle_2,42,529886,16,intermediate,20000,20000,experiments/strata_token_guess_cycle_2/ppo/results/20260909T083950Z-45ea794b/checkpoint_probes/steps_000529886/probe_battery.json,78.78,78.225
token_cycle_2,42,1059875,32,intermediate,20000,20000,experiments/strata_token_guess_cycle_2/ppo/results/20260909T083950Z-45ea794b/checkpoint_probes/steps_001059875/probe_battery.json,78.805,78.245
token_cycle_2,42,2119586,64,intermediate,20000,20000,experiments/strata_token_guess_cycle_2/ppo/results/20260909T083950Z-45ea794b/checkpoint_probes/steps_002119586/probe_battery.json,75.67,75.58500000000001
token_cycle_2,42,2516889,76,final,20000,20000,experiments/strata_token_guess_cycle_2/ppo/results/20260909T083950Z-45ea794b/checkpoint_probes/steps_002516889/probe_battery.json,67.155,67.425
explore_cycle_3_both,42,0,0,initial,20000,20000,experiments/strata_two_factor_explore_cycle_3/reward_both_state_0/results/20260909T084200Z-e5f5f91b/checkpoint_probes/steps_000000000/probe_battery.json,33.48,33.155
explore_cycle_3_both,42,33112,1,intermediate,20000,20000,experiments/strata_two_factor_explore_cycle_3/reward_both_state_0/results/20260909T084200Z-e5f5f91b/checkpoint_probes/steps_000033112/probe_battery.json,33.8125,33.4775
explore_cycle_3_both,42,66254,2,intermediate,20000,20000,experiments/strata_two_factor_explore_cycle_3/reward_both_state_0/results/20260909T084200Z-e5f5f91b/checkpoint_probes/steps_000066254/probe_battery.json,33.235,33.385
explore_cycle_3_both,42,132518,4,intermediate,20000,20000,experiments/strata_two_factor_explore_cycle_3/reward_both_state_0/results/20260909T084200Z-e5f5f91b/checkpoint_probes/steps_000132518/probe_battery.json,33.195,33.545
explore_cycle_3_both,42,265026,8,intermediate,20000,20000,experiments/strata_two_factor_explore_cycle_3/reward_both_state_0/results/20260909T084200Z-e5f5f91b/checkpoint_probes/steps_000265026/probe_battery.json,33.502500000000005,33.08
explore_cycle_3_both,42,529886,16,intermediate,20000,20000,experiments/strata_two_factor_explore_cycle_3/reward_both_state_0/results/20260909T084200Z-e5f5f91b/checkpoint_probes/steps_000529886/probe_battery.json,36.79,36.6675
explore_cycle_3_both,42,1059875,32,intermediate,20000,20000,experiments/strata_two_factor_explore_cycle_3/reward_both_state_0/results/20260909T084200Z-e5f5f91b/checkpoint_probes/steps_001059875/probe_battery.json,50.127500000000005,49.3825
explore_cycle_3_both,42,2119586,64,intermediate,20000,20000,experiments/strata_two_factor_explore_cycle_3/reward_both_state_0/results/20260909T084200Z-e5f5f91b/checkpoint_probes/steps_002119586/probe_battery.json,64.925,63.839999999999996
explore_cycle_3_both,42,4238425,128,intermediate,20000,20000,experiments/strata_two_factor_explore_cycle_3/reward_both_state_0/results/20260909T084200Z-e5f5f91b/checkpoint_probes/steps_004238425/probe_battery.json,73.44500000000001,73.7
explore_cycle_3_both,42,8477421,256,intermediate,20000,20000,experiments/strata_two_factor_explore_cycle_3/reward_both_state_0/results/20260909T084200Z-e5f5f91b/checkpoint_probes/steps_008477421/probe_battery.json,73.05,73.42
explore_cycle_3_both,42,16954395,512,intermediate,20000,20000,experiments/strata_two_factor_explore_cycle_3/reward_both_state_0/results/20260909T084200Z-e5f5f91b/checkpoint_probes/steps_016954395/probe_battery.json,74.02499999999999,73.925
explore_cycle_3_both,42,33908739,1024,intermediate,20000,20000,experiments/strata_two_factor_explore_cycle_3/reward_both_state_0/results/20260909T084200Z-e5f5f91b/checkpoint_probes/steps_033908739/probe_battery.json,76.81750000000001,76.6175
explore_cycle_3_both,42,50001886,1510,final,20000,20000,experiments/strata_two_factor_explore_cycle_3/reward_both_state_0/results/20260909T084200Z-e5f5f91b/checkpoint_probes/steps_050001886/probe_battery.json,76.36,76.10749999999999
explore_cycle_3_factor_1,42,0,0,initial,20000,20000,experiments/strata_two_factor_explore_cycle_3/reward_factor_1_state_0/results/20260909T084527Z-64ab39a1/checkpoint_probes/steps_000000000/probe_battery.json,33.629999999999995,32.915
explore_cycle_3_factor_1,42,33074,1,intermediate,20000,20000,experiments/strata_two_factor_explore_cycle_3/reward_factor_1_state_0/results/20260909T084527Z-64ab39a1/checkpoint_probes/steps_000033074/probe_battery.json,33.72,34.085
explore_cycle_3_factor_1,42,66154,2,intermediate,20000,20000,experiments/strata_two_factor_explore_cycle_3/reward_factor_1_state_0/results/20260909T084527Z-64ab39a1/checkpoint_probes/steps_000066154/probe_battery.json,33.205,33.345
explore_cycle_3_factor_1,42,132080,4,intermediate,20000,20000,experiments/strata_two_factor_explore_cycle_3/reward_factor_1_state_0/results/20260909T084527Z-64ab39a1/checkpoint_probes/steps_000132080/probe_battery.json,33.33,33.94
explore_cycle_3_factor_1,42,264407,8,intermediate,20000,20000,experiments/strata_two_factor_explore_cycle_3/reward_factor_1_state_0/results/20260909T084527Z-64ab39a1/checkpoint_probes/steps_000264407/probe_battery.json,33.415,33.0
explore_cycle_3_factor_1,42,529112,16,intermediate,20000,20000,experiments/strata_two_factor_explore_cycle_3/reward_factor_1_state_0/results/20260909T084527Z-64ab39a1/checkpoint_probes/steps_000529112/probe_battery.json,37.769999999999996,37.475
explore_cycle_3_factor_1,42,1058450,32,intermediate,20000,20000,experiments/strata_two_factor_explore_cycle_3/reward_factor_1_state_0/results/20260909T084527Z-64ab39a1/checkpoint_probes/steps_001058450/probe_battery.json,52.62,51.55499999999999
explore_cycle_3_factor_1,42,2116834,64,intermediate,20000,20000,experiments/strata_two_factor_explore_cycle_3/reward_factor_1_state_0/results/20260909T084527Z-64ab39a1/checkpoint_probes/steps_002116834/probe_battery.json,71.75,71.83500000000001
explore_cycle_3_factor_1,42,4233720,128,intermediate,20000,20000,experiments/strata_two_factor_explore_cycle_3/reward_factor_1_state_0/results/20260909T084527Z-64ab39a1/checkpoint_probes/steps_004233720/probe_battery.json,75.47500000000001,75.46000000000001
explore_cycle_3_factor_1,42,8467762,256,intermediate,20000,20000,experiments/strata_two_factor_explore_cycle_3/reward_factor_1_state_0/results/20260909T084527Z-64ab39a1/checkpoint_probes/steps_008467762/probe_battery.json,76.41,76.35499999999999
explore_cycle_3_factor_1,42,16935407,512,intermediate,20000,20000,experiments/strata_two_factor_explore_cycle_3/reward_factor_1_state_0/results/20260909T084527Z-64ab39a1/checkpoint_probes/steps_016935407/probe_battery.json,77.60000000000001,78.185
explore_cycle_3_factor_1,42,30001054,907,final,20000,20000,experiments/strata_two_factor_explore_cycle_3/reward_factor_1_state_0/results/20260909T084527Z-64ab39a1/checkpoint_probes/steps_030001054/probe_battery.json,33.295,33.28
